Workbook

Sheet Datainsamling
A1: FÖRETAG | B1: Organisationsnummer | C1: ISIN | D1: LAND | E1: BRANSCH | F1: WACC23 | G1: WACC22 | H1: WACC21 | I1: WACC20 | J1: WACC19 | K1: INF23 | L1: INF22 | M1: INF21 | N1: INF20 | O1: INF19 | P1: SR19 | Q1: SR20 | R1: SR21 | S1: SR22 | T1: SR23 | U1: GWN23 (Tkr) | V1: GWN22 (Tkr) | W1: GWN21 (Tkr) | X1: GWN20 (Tkr) | Y1: GWN19 (Tkr) | Z1: Anställda_n_23 | AA1: Anställda_n_22 | AB1: Anställda_n_21 | AC1: Anställda_n_20 | AD1: Anställda_n_19 | AE1: EBITDA_tkr_23 | AF1: EBITDA_tkr_22 | AG1: EBITDA_tkr_21 | AH1: EBITDA_tkr_20 | AI1: EBITDA_tkr_19 | AJ1: SGR_%_23 | AK1: SGR_%_22 | AL1: SGR_%_21 | AM1: SGR_%_20 | AN1: SGR_%_19 | AO1: VM_%_23 | AP1: VM_%_22 | AQ1: VM_%_21 | AR1: VM_%_20 | AS1: VM_%_19 | AT1: SL23 | AU1: SL22 | AV1: SL21 | AW1: SL20 | AX1: SL19 | AY1: OMS_tkr_23 | AZ1: OMS_tkr_22 | BA1: OMS_tkr_21 | BB1: OMS_tkr_20 | BC1: OMS_tkr_19 | BD1: GW_tkr_23 | BE1: GW_tkr_22 | BF1: GW_tkr_21 | BG1: GW_tkr_20 | BH1: GW_tkr_19 | BI1: TT_tkr_2023 | BJ1: TT_tkr_2022 | BK1: TT_tkr_2021 | BL1: TT_tkr_2020 | BM1: TT_tkr_2019 | BN1: S:EK_tkr_23 | BO1: S:EK_tkr_22 | BP1: S:EK_tkr_21 | BQ1: S:EK_tkr_20 | BR1: S:EK_tkr_19
A2: AAK AB (publ) | B2: 5566692850 | C2: SE0011337708 | D2: SWE | E2: Företagstjänster | F2: 0.1 | G2: 0.09 | H2: 0.08 | I2: 0.08 | J2: 0.114 | K2: 0.085 | L2: 0.084 | M2: 0.022 | N2: 0.005 | O2: 0.018 | P2: -0.00255 | Q2: -0.00029762 | R2: 0 | S2: 0.0076779 | T2: 0.0346414 | U2: 0 | V2: 0 | W2: 0 | X2: 0 | Y2: 0 | Z2: 4128 | AA2: 3962 | AB2: 4013 | AC2: 551 | AD2: 3884 | AE2: 4993000 | AF2: 3337000 | AG2: 3047000 | AH2: 2922000 | AI2: 2829000 | AJ2: 0.74924895 | AK2: 2.3176506 | AL2: 1.8093206 | AM2: 1.5793977 | AN2: 1.7515023 | AO2: {=('1100'!G2) / 100} -> 0.0912 | AP2: {=('1100'!H2) / 100} -> 0.0517 | AQ2: {=('1100'!I2) / 100} -> 0.0595 | AR2: {=('1100'!J2) / 100} -> 0.0783 | AS2: {=('1100'!K2) / 100} -> 0.076 | AT2: {=('1100'!A2) / 100} -> 0.56 | AU2: {=('1100'!B2) / 100} -> 0.442 | AV2: {=('1100'!C2) / 100} -> 0.434 | AW2: {=('1100'!D2) / 100} -> 0.435 | AX2: {=('1100'!E2) / 100} -> 0.451 | AY2: 46201000 | AZ2: 50775000 | BA2: 35994000 | BB2: 28298000 | BC2: 28703000 | BD2: 2712000 | BE2: 2538000 | BF2: 2270000 | BG2: 2103000 | BH2: 2114000 | BI2: 30551000 | BJ2: 33990000 | BK2: 27166000 | BL2: 22278000 | BM2: 22919000 | BN2: 17117000 | BO2: 15036000 | BP2: 11783000 | BQ2: 9699000 | BR2: 10337000
A3: Addtech AB | B3: 5563029726 | C3: SE0014781795 | D3: SWE | E3: Företagstjänster | F3: 0.13 | G3: 0.13 | H3: 0.13 | I3: 0.11 | J3: 0.11 | K3: 0.085 | L3: 0.084 | M3: 0.022 | N3: 0.005 | O3: 0.018 | P3: -0.00255 | Q3: -0.00029762 | R3: 0 | S3: 0.0076779 | T3: 0.0346414 | U3: 0 | V3: 0 | W3: 0 | X3: 0 | Y3: 0 | Z3: 4109 | AA3: 3781 | AB3: 3317 | AC3: 3068 | AD3: 2913 | AE3: 3245000 | AF3: 2872000 | AG3: 2933000 | AH3: 1501 | AI3: 1579000 | AJ3: 1.4434515 | AK3: 1.4860724 | AL3: 0.91851347 | AM3: 2.4083944 | AN3: 1.7555415 | AO3: {=('1100'!G3) / 100} -> 0.1235 | AP3: {=('1100'!H3) / 100} -> 0.1165 | AQ3: {=('1100'!I3) / 100} -> 0.1072 | AR3: {=('1100'!J3) / 100} -> 0.0884 | AS3: {=('1100'!K3) / 100} -> 0.0994 | AT3: {=('1100'!A3) / 100} -> 0.359 | AU3: {=('1100'!B3) / 100} -> 0.339 | AV3: {=('1100'!C3) / 100} -> 0.316 | AW3: {=('1100'!D3) / 100} -> 0.328 | AX3: {=('1100'!E3) / 100} -> 0.355 | AY3: 20117000 | AZ3: 18834000 | BA3: 14138000 | BB3: 11416 | BC3: 11851000 | BD3: 4716000 | BE3: 3935000 | BF3: 3306000 | BG3: 2727000 | BH3: 1997000 | BI3: 16657000 | BJ3: 15271000 | BK3: 12427000 | BL3: 9806 | BM3: 8506000 | BN3: 5974000 | BO3: 5184000 | BP3: 3931000 | BQ3: 3219000 | BR3: 3018000
A4: AFRY AB | B4: 5561206474 | C4: SE0005999836 | D4: SWE | E4: Företagstjänster | F4: 0.125 | G4: 0.11 | H4: 0.09 | I4: 0.09 | J4: 0.095 | K4: 0.085 | L4: 0.084 | M4: 0.022 | N4: 0.005 | O4: 0.018 | P4: -0.00255 | Q4: -0.00029762 | R4: 0 | S4: 0.0076779 | T4: 0.0346414 | U4: 0 | V4: 0 | W4: 0 | X4: 0 | Y4: 0 | Z4: 18228 | AA4: 17340 | AB4: 15647 | AC4: 15271 | AD4: 14680 | AE4: 2559000 | AF4: 2146000 | AG4: 2221000 | AH4: 2126000 | AI4: 1933000 | AJ4: 2.3712388 | AK4: 3.0950606 | AL4: 3.0283656 | AM4: 3.3795861 | AN4: 4.128298 | AO4: {=('1100'!G4) / 100} -> 0.0856 | AP4: {=('1100'!H4) / 100} -> 0.0943 | AQ4: {=('1100'!I4) / 100} -> 0.0878 | AR4: {=('1100'!J4) / 100} -> 0.0922 | AS4: {=('1100'!K4) / 100} -> 0.0735 | AT4: {=('1100'!A4) / 100} -> 0.442 | AU4: {=('1100'!B4) / 100} -> 0.435 | AV4: {=('1100'!C4) / 100} -> 0.424 | AW4: {=('1100'!D4) / 100} -> 0.428 | AX4: {=('1100'!E4) / 100} -> 0.384 | AY4: 26986000 | AZ4: 23658000 | BA4: 20167000 | BB4: 19194000 | BC4: 19823000 | BD4: 14778000 | BE4: 14431000 | BF4: 12814000 | BG4: 11460000 | BH4: 11768000 | BI4: 28172000 | BJ4: 27996000 | BK4: 25913000 | BL4: 23610000 | BM4: 24375000 | BN4: 12453000 | BO4: 12176000 | BP4: 10992000 | BQ4: 10096000 | BR4: 9367000
A5: Aktiebolaget Electrolux | B5: 5560094178 | C5: SE0016589170 | D5: SWE | E5: Företagstjänster | F5: 0.148 | G5: 0.106 | H5: 0.095 | I5: 0.095 | J5: 0.083 | K5: 0.085 | L5: 0.084 | M5: 0.022 | N5: 0.005 | O5: 0.018 | P5: -0.00255 | Q5: -0.00029762 | R5: 0 | S5: 0.0076779 | T5: 0.0346414 | U5: 0 | V5: 0 | W5: 0 | X5: 0 | Y5: 0 | Z5: 45452 | AA5: 50769 | AB5: 51590 | AC5: 47543 | AD5: 48652 | AE5: 3289000 | AF5: 4178000 | AG5: 11290000 | AH5: 10365000 | AI5: 8293000 | AJ5: 9.819398 | AK5: 7.821685 | AL5: 1.1385297 | AM5: 1.539508 | AN5: 1.3420957 | AO5: {=('1100'!G5) / 100} -> -0.019 | AP5: {=('1100'!H5) / 100} -> -0.0007 | AQ5: {=('1100'!I5) / 100} -> 0.0545 | AR5: {=('1100'!J5) / 100} -> 0.0505 | AS5: {=('1100'!K5) / 100} -> 0.0274 | AT5: {=('1100'!A5) / 100} -> 0.094 | AU5: {=('1100'!B5) / 100} -> 0.129 | AV5: {=('1100'!C5) / 100} -> 0.173 | AW5: {=('1100'!D5) / 100} -> 0.188 | AX5: {=('1100'!E5) / 100} -> 0.211 | AY5: 134667000 | AZ5: 135711000 | BA5: 125631000 | BB5: 115960000 | BC5: 120038000 | BD5: 6579000 | BE5: 7081000 | BF5: 6690000 | BG5: 6369000 | BH5: 7071000 | BI5: 120053000 | BJ5: 127102000 | BK5: 107607000 | BL5: 99604000 | BM5: 106808000 | BN5: 11268000 | BO5: 16443000 | BP5: 18604000 | BQ5: 18702000 | BR5: 22566000
A6: Aktiebolaget SKF | B6: 5560073495 | C6: SE0000108201 | D6: SWE | E6: Företagstjänster | F6: 0.13 | G6: 0.106 | H6: 0.0945 | I6: 0.106 | J6: 0.1135 | K6: 0.085 | L6: 0.084 | M6: 0.022 | N6: 0.005 | O6: 0.018 | P6: -0.00255 | Q6: -0.00029762 | R6: 0 | S6: 0.0076779 | T6: 0.0346414 | U6: 0 | V6: 0 | W6: 0 | X6: 0 | Y6: 0 | Z6: 39672 | AA6: 40773 | AB6: 40861 | AC6: 38385 | AD6: 41559 | AE6: 15872000 | AF6: 11461000 | AG6: 14063000 | AH6: 10439000 | AI6: 12891000 | AJ6: 1.1326235 | AK6: 1.9741733 | AL6: 1.1764915 | AM6: 1.7272727 | AN6: 2.6066248 | AO6: {=('1100'!G6) / 100} -> 0.1126 | AP6: {=('1100'!H6) / 100} -> 0.0893 | AQ6: {=('1100'!I6) / 100} -> 0.1327 | AR6: {=('1100'!J6) / 100} -> 0.0954 | AS6: {=('1100'!K6) / 100} -> 0.1126 | AT6: {=('1100'!A6) / 100} -> 0.471 | AU6: {=('1100'!B6) / 100} -> 0.468 | AV6: {=('1100'!C6) / 100} -> 0.438 | AW6: {=('1100'!D6) / 100} -> 0.379 | AX6: {=('1100'!E6) / 100} -> 0.377 | AY6: 106637000 | AZ6: 98278000 | BA6: 82941000 | BB6: 75185000 | BC6: 86285000 | BD6: 11962000 | BE6: 12351000 | BF6: 10924000 | BG6: 10117000 | BH6: 11251000 | BI6: 111903000 | BJ6: 110923000 | BK6: 99628000 | BL6: 90557000 | BM6: 94108000 | BN6: 52743000 | BO6: 51927000 | BP6: 43645000 | BQ6: 34309000 | BR6: 35512000
A7: Aktiebolaget Volvo | B7: 5560125790 | C7: SE0000115420 | D7: SWE | E7: Tillverkning & industri | F7: 0.1 | G7: 0.1 | H7: 0.1 | I7: 0.1 | J7: 0.1 | K7: 0.085 | L7: 0.084 | M7: 0.022 | N7: 0.005 | O7: 0.018 | P7: -0.00255 | Q7: -0.00029762 | R7: 0 | S7: 0.0076779 | T7: 0.0346414 | U7: 0 | V7: 0 | W7: 0 | X7: 0 | Y7: 0 | Z7: 89282 | AA7: 86316 | AB7: 83958 | AC7: 89573 | AD7: 93731 | AE7: 88011000 | AF7: 66441000 | AG7: 61794000 | AH7: 48516000 | AI7: 52494000 | AJ7: 2.0993967 | AK7: 2.7711804 | AL7: 2.2819044 | AM7: 2.6092423 | AN7: 2.6274812 | AO7: {=('1100'!G7) / 100} -> 0.1257 | AP7: {=('1100'!H7) / 100} -> 0.0987 | AQ7: {=('1100'!I7) / 100} -> 0.1192 | AR7: {=('1100'!J7) / 100} -> 0.0821 | AS7: {=('1100'!K7) / 100} -> 0.1154 | AT7: {=('1100'!A7) / 100} -> 0.264 | AU7: {=('1100'!B7) / 100} -> 0.259 | AV7: {=('1100'!C7) / 100} -> 0.273 | AW7: {=('1100'!D7) / 100} -> 0.284 | AX7: {=('1100'!E7) / 100} -> 0.27 | AY7: 552764000 | AZ7: 473611000 | BA7: 372462000 | BB7: 340195000 | BC7: 434124000 | BD7: 24861000 | BE7: 25636000 | BF7: 23924000 | BG7: 22981000 | BH7: 24135000 | BI7: 674068000 | BJ7: 629064000 | BK7: 515856000 | BL7: 510821000 | BM7: 524837000 | BN7: 177791000 | BO7: 162717000 | BP7: 141045000 | BQ7: 145295000 | BR7: 141677000
A8: Alfa Laval AB | B8: 5565878054 | C8: SE0000695876 | D8: SWE | E8: Bank, finans & försäkring | F8: 0.0997 | G8: 0.0986 | H8: 0.0911 | I8: 0.0969 | J8: 0.0919 | K8: 0.085 | L8: 0.084 | M8: 0.022 | N8: 0.005 | O8: 0.018 | P8: -0.00255 | Q8: -0.00029762 | R8: 0 | S8: 0.0076779 | T8: 0.0346414 | U8: 0 | V8: 0 | W8: 0 | X8: =360*1000 -> 360000 | Y8: 0 | Z8: 20803 | AA8: 19002 | AB8: 17419 | AC8: 3593 | AD8: 3537 | AE8: 11780000 | AF8: 8911000 | AG8: 8113000 | AH8: 7569000 | AI8: 9251000 | AJ8: 1.2562818 | AK8: 2.3214005 | AL8: 1.715395 | AM8: 1.4197384 | AN8: 1.5083775 | AO8: {=('1100'!G8) / 100} -> 0.1528 | AP8: {=('1100'!H8) / 100} -> 0.1303 | AQ8: {=('1100'!I8) / 100} -> 0.1594 | AR8: {=('1100'!J8) / 100} -> 0.1405 | AS8: {=('1100'!K8) / 100} -> 0.1635 | AT8: {=('1100'!A8) / 100} -> 0.45 | AU8: {=('1100'!B8) / 100} -> 0.435 | AV8: {=('1100'!C8) / 100} -> 0.499 | AW8: {=('1100'!D8) / 100} -> 0.475 | AX8: {=('1100'!E8) / 100} -> 0.429 | AY8: 64582000 | AZ8: 52955000 | BA8: 41897000 | BB8: 42309000 | BC8: 47711000 | BD8: 25069000 | BE8: 26258000 | BF8: 22480000 | BG8: 19080000 | BH8: 21112000 | BI8: 82288000 | BJ8: 81249000 | BK8: 64361000 | BL8: 60860000 | BM8: 64396000 | BN8: 37033000 | BO8: 35382000 | BP8: 32096000 | BQ8: 28908000 | BR8: 27600000
A9: Alimak Group AB (publ) | B9: 5567141857 | C9: SE0007158910 | D9: SWE | E9: Företagstjänster | F9: 0.094 | G9: 0.093 | H9: =0.068 -> 0.068 | I9: =0.091 -> 0.091 | J9: =0.086 -> 0.086 | K9: 0.085 | L9: 0.084 | M9: 0.022 | N9: 0.005 | O9: 0.018 | P9: -0.00255 | Q9: -0.00029762 | R9: 0 | S9: 0.0076779 | T9: 0.0346414 | U9: 0 | V9: 0 | W9: 0 | X9: 0 | Y9: 0 | Z9: 2956 | AA9: 2134 | AB9: 2057 | AC9: 2049 | AD9: 2286 | AE9: 1374000 | AF9: 759000 | AG9: 614300 | AH9: 456400 | AI9: 762200 | AJ9: 3.4112082 | AK9: 8.2239789 | AL9: 1.3753866 | AM9: 2.6463628 | AN9: 1.8921543 | AO9: {=('1100'!G9) / 100} -> 0.2063 | AP9: {=('1100'!H9) / 100} -> 0.1494 | AQ9: {=('1100'!I9) / 100} -> 0.1293 | AR9: {=('1100'!J9) / 100} -> 0.0761 | AS9: {=('1100'!K9) / 100} -> 0.1356 | AT9: {=('1100'!A9) / 100} -> 0.508 | AU9: {=('1100'!B9) / 100} -> 0.306 | AV9: {=('1100'!C9) / 100} -> 0.651 | AW9: {=('1100'!D9) / 100} -> 0.628 | AX9: {=('1100'!E9) / 100} -> 0.574 | AY9: 7166000 | AZ9: 4512000 | BA9: 3744300 | BB9: 3744400 | BC9: 4587400 | BD9: 5882000 | BE9: 5950000 | BF9: 2362000 | BG9: 2260400 | BH9: 2366700 | BI9: 13683000 | BJ9: 14327000 | BK9: 5901700 | BL9: 5619400 | BM9: 6416900 | BN9: 6955000 | BO9: 4377000 | BP9: 3840400 | BQ9: 3527900 | BR9: 3684200
A10: Alligo AB | B10: 5590721352 | C10: SE0009922305 | D10: SWE | E10: Företagstjänster | F10: 0.08 | G10: 0.08 | H10: 0.11 | I10: 0.11 | J10: 0.114 | K10: 0.085 | L10: 0.084 | M10: 0.022 | N10: 0.005 | O10: 0.018 | P10: -0.00255 | Q10: -0.00029762 | R10: 0 | S10: 0.0076779 | T10: 0.0346414 | U10: 0 | V10: 0 | W10: 0 | X10: 0 | Y10: 0 | Z10: 2444 | AA10: 2335 | AB10: 2323 | AC10: 2564 | AD10: 1700 | AE10: 1281000 | AF10: 1155000 | AG10: 990000 | AH10: 792000 | AI10: 0 | AJ10: 2.3950039 | AK10: 2.408658 | AL10: 2.4717172 | AM10: 3.2790404 | AN10: - | AO10: {=('1100'!G10) / 100} -> 0.0815 | AP10: {=('1100'!H10) / 100} -> 0.0731 | AQ10: {=('1100'!I10) / 100} -> 0.0507 | AR10: {=('1100'!J10) / 100} -> 0.0491 | AS10: {=('1100'!K10) / 100} -> 0 | AT10: {=('1100'!A10) / 100} -> 0.411 | AU10: {=('1100'!B10) / 100} -> 0.407 | AV10: {=('1100'!C10) / 100} -> 0.395 | AW10: {=('1100'!D10) / 100} -> 0.389 | AX10: {=('1100'!E10) / 100} -> 0 | AY10: 9462000 | AZ10: 9333000 | BA10: 8508000 | BB10: 6861000 | BC10: 6139000 | BD10: 1640000 | BE10: 1561000 | BF10: 1461000 | BG10: 1603000 | BH10: 553000 | BI10: 8787000 | BJ10: 8364000 | BK10: 8679000 | BL10: 7812000 | BM10: 5940000 | BN10: 3613000 | BO10: 3408000 | BP10: 3429000 | BQ10: 3037000 | BR10: 2869000
A11: Ambea AB ( publ ) | B11: 5564684354 | C11: SE0009663826 | D11: SWE | E11: Juridik, ekonomi & konsulttjänster | F11: =0.135 -> 0.135 | G11: 0.109 | H11: =0.105 -> 0.105 | I11: =0.109 -> 0.109 | J11: =0.091 -> 0.091 | K11: 0.085 | L11: 0.084 | M11: 0.022 | N11: 0.005 | O11: 0.018 | P11: -0.00255 | Q11: -0.00029762 | R11: 0 | S11: 0.0076779 | T11: 0.0346414 | U11: 0 | V11: 0 | W11: 0 | X11: 0 | Y11: 0 | Z11: 14663 | AA11: 14437 | AB11: 14292 | AC11: 13794 | AD11: 13214 | AE11: 2278000 | AF11: 2044000 | AG11: 1650000 | AH11: 1613000 | AI11: 1370000 | AJ11: 4.0452151 | AK11: 4.8542074 | AL11: 4.7375758 | AM11: 3.7985121 | AN11: 3.8708029 | AO11: {=('1100'!G11) / 100} -> 0.0739 | AP11: {=('1100'!H11) / 100} -> 0.0667 | AQ11: {=('1100'!I11) / 100} -> 0.0522 | AR11: {=('1100'!J11) / 100} -> 0.0648 | AS11: {=('1100'!K11) / 100} -> 0.0486 | AT11: {=('1100'!A11) / 100} -> 0.275 | AU11: {=('1100'!B11) / 100} -> 0.262 | AV11: {=('1100'!C11) / 100} -> 0.272 | AW11: {=('1100'!D11) / 100} -> 0.294 | AX11: {=('1100'!E11) / 100} -> 0.292 | AY11: 13583000 | AZ11: 12959000 | BA11: 11673000 | BB11: 11205000 | BC11: 11139000 | BD11: 7006000 | BE11: 7095000 | BF11: 7285000 | BG11: 6508000 | BH11: 6532000 | BI11: 17893000 | BJ11: 17875000 | BK11: 16674000 | BL11: 14718000 | BM11: 13810000 | BN11: 4920000 | BO11: 4681000 | BP11: 4530000 | BQ11: 4325000 | BR11: 4036000
A12: AQ Group AB | B12: 5562818830 | C12: SE0022062196 | D12: SWE | E12: Företagstjänster | F12: 0.1 | G12: 0.1 | H12: 0.0886 | I12: 0.0883 | J12: 0.0833 | K12: 0.085 | L12: 0.084 | M12: 0.022 | N12: 0.005 | O12: 0.018 | P12: -0.00255 | Q12: -0.00029762 | R12: 0 | S12: 0.0076779 | T12: 0.0346414 | U12: 0 | V12: 0 | W12: 0 | X12: 0 | Y12: 0 | Z12: 7846 | AA12: 7222 | AB12: 6477 | AC12: 5891 | AD12: 6330 | AE12: 1080000 | AF12: 752000 | AG12: 680000 | AH12: 635234 | AI12: 560686 | AJ12: 0.67037037 | AK12: 1.2646277 | AL12: 1.3852941 | AM12: 1.4139435 | AN12: 1.8633763 | AO12: {=('1100'!G12) / 100} -> 0.09 | AP12: {=('1100'!H12) / 100} -> 0.0751 | AQ12: {=('1100'!I12) / 100} -> 0.0857 | AR12: {=('1100'!J12) / 100} -> 0.0866 | AS12: {=('1100'!K12) / 100} -> 0.0687 | AT12: {=('1100'!A12) / 100} -> 0.628 | AU12: {=('1100'!B12) / 100} -> 0.555 | AV12: {=('1100'!C12) / 100} -> 0.557 | AW12: {=('1100'!D12) / 100} -> 0.564 | AX12: {=('1100'!E12) / 100} -> 0.521 | AY12: 9072000 | AZ12: 7315000 | BA12: 5798000 | BB12: 4953995 | BC12: 5188672 | BD12: 393000 | BE12: 395000 | BF12: 366000 | BG12: 330244 | BH12: 353246 | BI12: 5960000 | BJ12: 5704000 | BK12: 4699000 | BL12: 3864463 | BM12: 3852305 | BN12: 3743000 | BO12: 3164000 | BP12: 2616000 | BQ12: 2181135 | BR12: 2007735
A13: ASSA ABLOY AB | B13: 5560593575 | C13: SE0007100581 | D13: SWE | E13: Företagstjänster | F13: =0.085 -> 0.085 | G13: 0.08 | H13: 0.08 | I13: 0.08 | J13: 0.08 | K13: 0.085 | L13: 0.084 | M13: 0.022 | N13: 0.005 | O13: 0.018 | P13: -0.00255 | Q13: -0.00029762 | R13: 0 | S13: 0.0076779 | T13: 0.0346414 | U13: 0 | V13: 0 | W13: 0 | X13: 0 | Y13: 0 | Z13: 56845 | AA13: 52462 | AB13: 50935 | AC13: 48471 | AD13: 48992 | AE13: 25873000 | AF13: 18532000 | AG13: 18022000 | AH13: 16234000 | AI13: 16794000 | AJ13: 2.1185792 | AK13: 1.5614073 | AL13: 1.4633226 | AM13: 1.7588395 | AN13: 1.8534596 | AO13: {=('1100'!G13) / 100} -> 0.1561 | AP13: {=('1100'!H13) / 100} -> 0.1541 | AQ13: {=('1100'!I13) / 100} -> 0.1502 | AR13: {=('1100'!J13) / 100} -> 0.1423 | AS13: {=('1100'!K13) / 100} -> 0.1559 | AT13: {=('1100'!A13) / 100} -> 0.467 | AU13: {=('1100'!B13) / 100} -> 0.556 | AV13: {=('1100'!C13) / 100} -> 0.535 | AW13: {=('1100'!D13) / 100} -> 0.501 | AX13: {=('1100'!E13) / 100} -> 0.501 | AY13: 144321000 | AZ13: 120819000 | BA13: 95026000 | BB13: 89321000 | BC13: 94227000 | BD13: 92873000 | BE13: 75873000 | BF13: 62502000 | BG13: 58344000 | BH13: 57662000 | BI13: 196351000 | BJ13: 154564000 | BK13: 129975000 | BL13: 117428000 | BM13: 118050000 | BN13: 91629000 | BO13: 86014000 | BP13: 69582000 | BQ13: 58870000 | BR13: 59143000
A14: Atlas Copco Aktiebolag | B14: 5560142720 | C14: SE0017486889 | D14: SWE | E14: Företagstjänster | F14: 0.08 | G14: 0.08 | H14: 0.08 | I14: 0.08 | J14: 0.08 | K14: 0.085 | L14: 0.084 | M14: 0.022 | N14: 0.005 | O14: 0.018 | P14: -0.00255 | Q14: -0.00029762 | R14: 0 | S14: 0.0076779 | T14: 0.0346414 | U14: 0 | V14: 0 | W14: 0 | X14: 0 | Y14: 0 | Z14: 51110 | AA14: 45781 | AB14: 41272 | AC14: 39606 | AD14: 37805 | AE14: 44782000 | AF14: 36500000 | AG14: 28894000 | AH14: 21122000 | AI14: 25531000 | AJ14: 0.78781653 | AK14: 0.80383562 | AL14: 0.84221638 | AM14: 1.3429599 | AN14: 0.97336571 | AO14: {=('1100'!G14) / 100} -> 0.2174 | AP14: {=('1100'!H14) / 100} -> 0.2162 | AQ14: {=('1100'!I14) / 100} -> 0.2146 | AR14: {=('1100'!J14) / 100} -> 0.1935 | AS14: {=('1100'!K14) / 100} -> 0.2126 | AT14: {=('1100'!A14) / 100} -> 0.501 | AU14: {=('1100'!B14) / 100} -> 0.464 | AV14: {=('1100'!C14) / 100} -> 0.495 | AW14: {=('1100'!D14) / 100} -> 0.469 | AX14: {=('1100'!E14) / 100} -> 0.476 | AY14: 173249000 | AZ14: 141890000 | BA14: 111729000 | BB14: 100090000 | BC14: 104069000 | BD14: 45361000 | BE14: 44299000 | BF14: 32113000 | BG14: 28873000 | BH14: 22757000 | BI14: 182684000 | BJ14: 172301000 | BK14: 136683000 | BL14: 113366000 | BM14: 111722000 | BN14: 91450000 | BO14: 79976000 | BP14: 67633000 | BQ14: 53215000 | BR14: 53231000
A15: Attendo | B15: 5590267885 | C15: SE0007666110 | D15: SWE | E15: Företagstjänster | F15: 0.096 | G15: 0.1035 | H15: 0.1035 | I15: 0.1075 | J15: 0.0895 | K15: 0.085 | L15: 0.084 | M15: 0.022 | N15: 0.005 | O15: 0.018 | P15: -0.00255 | Q15: -0.00029762 | R15: 0 | S15: 0.0076779 | T15: 0.0346414 | U15: 0 | V15: 0 | W15: 0 | X15: =821*1000 -> 821000 | Y15: 0 | Z15: 21516 | AA15: 20821 | AB15: 19041 | AC15: 18178 | AD15: 16499 | AE15: 3045000 | AF15: 2174000 | AG15: 2166000 | AH15: 974000 | AI15: 1940000 | AJ15: 4.4344828 | AK15: 6.3610856 | AL15: 5.9949215 | AM15: 13.519507 | AN15: 6.0752577 | AO15: {=('1100'!G15) / 100} -> 0.0744 | AP15: {=('1100'!H15) / 100} -> 0.0426 | AQ15: {=('1100'!I15) / 100} -> 0.0589 | AR15: {=('1100'!J15) / 100} -> -0.0218 | AS15: {=('1100'!K15) / 100} -> 0.0567 | AT15: {=('1100'!A15) / 100} -> 0.234 | AU15: {=('1100'!B15) / 100} -> 0.224 | AV15: {=('1100'!C15) / 100} -> 0.234 | AW15: {=('1100'!D15) / 100} -> 0.242 | AX15: {=('1100'!E15) / 100} -> 0.288 | AY15: 17327000 | AZ15: 14557000 | BA15: 12891000 | BB15: 12361000 | BC15: 12045000 | BD15: 7197000 | BE15: 7204000 | BF15: 6878000 | BG15: 6644000 | BH15: 7446000 | BI15: 22893000 | BJ15: 22325000 | BK15: 21076000 | BL15: 20072000 | BM15: 20270000 | BN15: 5363000 | BO15: 5001000 | BP15: 4932000 | BQ15: 4849000 | BR15: 5831000
A16: Axfood AB | B16: 5565420824 | C16: SE0006993770 | D16: SWE | E16: Företagstjänster | F16: 0.075 | G16: 0.072 | H16: 0.069 | I16: 0.068 | J16: 0.068 | K16: 0.085 | L16: 0.084 | M16: 0.022 | N16: 0.005 | O16: 0.018 | P16: -0.00255 | Q16: -0.00029762 | R16: 0 | S16: 0.0076779 | T16: 0.0346414 | U16: 0 | V16: 0 | W16: 0 | X16: 0 | Y16: 0 | Z16: 13185 | AA16: 12772 | AB16: 12202 | AC16: 6120 | AD16: 10854 | AE16: 6345000 | AF16: 5682000 | AG16: 5103000 | AH16: 4762000 | AI16: 4434000 | AJ16: 1.3951143 | AK16: 1.5281591 | AL16: 0.962767 | AM16: 0.97270055 | AN16: 1.2525936 | AO16: {=('1100'!G16) / 100} -> 0.0422 | AP16: {=('1100'!H16) / 100} -> 0.0426 | AQ16: {=('1100'!I16) / 100} -> 0.0469 | AR16: {=('1100'!J16) / 100} -> 0.047 | AS16: {=('1100'!K16) / 100} -> 0.0452 | AT16: {=('1100'!A16) / 100} -> 0.229 | AU16: {=('1100'!B16) / 100} -> 0.231 | AV16: {=('1100'!C16) / 100} -> 0.209 | AW16: {=('1100'!D16) / 100} -> 0.23 | AX16: {=('1100'!E16) / 100} -> 0.232 | AY16: 81854000 | AZ16: 74508000 | BA16: 58679000 | BB16: 54328000 | BC16: 51263000 | BD16: 3606000 | BE16: 3526000 | BF16: 3846000 | BG16: 2769000 | BH16: 2767000 | BI16: 30018000 | BJ16: 28618000 | BK16: 23731000 | BL16: 18814000 | BM16: 17293000 | BN16: 6878000 | BO16: 6609000 | BP16: 4952000 | BQ16: 4331000 | BR16: 4020000
A17: Beijer Ref AB (publ) | B17: 5560408113 | C17: SE0015949748 | D17: SWE | E17: Företagstjänster | F17: 0.082 | G17: 0.084 | H17: 0.0913 | I17: 0.0826 | J17: 0.0811 | K17: 0.085 | L17: 0.084 | M17: 0.022 | N17: 0.005 | O17: 0.018 | P17: -0.00255 | Q17: -0.00029762 | R17: 0 | S17: 0.0076779 | T17: 0.0346414 | U17: 0 | V17: 0 | W17: 0 | X17: 0 | Y17: 0 | Z17: 6024 | AA17: 4720 | AB17: 4134 | AC17: 3856 | AD17: 3869 | AE17: 4031000 | AF17: 2471000 | AG17: 1834707 | AH17: 1477071 | AI17: 1654569 | AJ17: 2.3872488 | AK17: 2.8765682 | AL17: 2.7523408 | AM17: 2.6134262 | AN17: 1.2443863 | AO17: {=('1100'!G17) / 100} -> 0.1044 | AP17: {=('1100'!H17) / 100} -> 0.0872 | AQ17: {=('1100'!I17) / 100} -> 0.0814 | AR17: {=('1100'!J17) / 100} -> 0.0742 | AS17: {=('1100'!K17) / 100} -> 0.0838 | AT17: {=('1100'!A17) / 100} -> 0.544 | AU17: {=('1100'!B17) / 100} -> 0.302 | AV17: {=('1100'!C17) / 100} -> 0.338 | AW17: {=('1100'!D17) / 100} -> 0.387 | AX17: {=('1100'!E17) / 100} -> 0.387 | AY17: 32267000 | AZ17: 22783000 | BA17: 16952538 | BB17: 14087258 | BC17: 14845604 | BD17: 11891000 | BE17: 4416000 | BF17: 2667506 | BG17: 1563041 | BH17: 1559618 | BI17: 39170000 | BJ17: 21864000 | BK17: 15299967 | BL17: 11400519 | BM17: 11078776 | BN17: 21324000 | BO17: 6603000 | BP17: 5172655 | BQ17: 4412320 | BR17: 4282238
A18: Bergman & Beving Aktiebolag | B18: 5560348590 | C18: SE0000101362 | D18: SWE | E18: Företagstjänster | F18: =0.1 -> 0.1 | G18: =0.1 -> 0.1 | H18: N/A | I18: N/A | J18: =0.1 -> 0.1 | K18: 0.085 | L18: 0.084 | M18: 0.022 | N18: 0.005 | O18: 0.018 | P18: -0.00255 | Q18: -0.00029762 | R18: 0 | S18: 0.0076779 | T18: 0.0346414 | U18: 0 | V18: 0 | W18: 0 | X18: 0 | Y18: 0 | Z18: 1335 | AA18: 1283 | AB18: 1195 | AC18: 1079 | AD18: 1085 | AE18: 656000 | AF18: 571000 | AG18: 503000 | AH18: 426000 | AI18: 353000 | AJ18: 2.7408537 | AK18: 2.7478109 | AL18: 2.3200795 | AM18: 2.3262911 | AN18: 2.6260623 | AO18: {=('1100'!G18) / 100} -> 0.0824 | AP18: {=('1100'!H18) / 100} -> 0.0733 | AQ18: {=('1100'!I18) / 100} -> 0.0658 | AR18: {=('1100'!J18) / 100} -> 0.0585 | AS18: {=('1100'!K18) / 100} -> 0.0488 | AT18: {=('1100'!A18) / 100} -> 0.348 | AU18: {=('1100'!B18) / 100} -> 0.379 | AV18: {=('1100'!C18) / 100} -> 0.362 | AW18: {=('1100'!D18) / 100} -> 0.344 | AX18: {=('1100'!E18) / 100} -> 0.343 | AY18: 4762000 | AZ18: 4793000 | BA18: 4586000 | BB18: 4326000 | BC18: 4087000 | BD18: 2018000 | BE18: 1815000 | BF18: 1667000 | BG18: 1609000 | BH18: 1570000 | BI18: 6062000 | BJ18: 5749000 | BK18: 5295000 | BL18: 4941000 | BM18: 4757000 | BN18: 2108000 | BO18: 2181000 | BP18: 1915000 | BQ18: 1701000 | BR18: 1631000
A19: BHG Group AB | B19: 5590770763 | C19: SE0010948588 | D19: SWE | E19: Företagstjänster | F19: 0.08 | G19: 0.08 | H19: 0.08 | I19: 0.08 | J19: 0.096 | K19: 0.085 | L19: 0.084 | M19: 0.022 | N19: 0.005 | O19: 0.018 | P19: -0.00255 | Q19: -0.00029762 | R19: 0 | S19: 0.0076779 | T19: 0.0346414 | U19: 0 | V19: 0 | W19: 0 | X19: 0 | Y19: 0 | Z19: 2001 | AA19: 2693 | AB19: 2860 | AC19: 1737 | AD19: 1188 | AE19: -676500 | AF19: 364600 | AG19: 1082100 | AH19: 902800 | AI19: 467000 | AJ19: -3.3232816 | AK19: 11.02441 | AL19: 4.6416228 | AM19: 3.8108108 | AN19: 4.1391863 | AO19: {=('1100'!G19) / 100} -> -0.1141 | AP19: {=('1100'!H19) / 100} -> 0.008 | AQ19: {=('1100'!I19) / 100} -> 0.0577 | AR19: {=('1100'!J19) / 100} -> 0.0737 | AS19: {=('1100'!K19) / 100} -> 0.0467 | AT19: {=('1100'!A19) / 100} -> 0.555 | AU19: {=('1100'!B19) / 100} -> 0.533 | AV19: {=('1100'!C19) / 100} -> 0.383 | AW19: {=('1100'!D19) / 100} -> 0.323 | AX19: {=('1100'!E19) / 100} -> 0.48 | AY19: 11810800 | AZ19: 13450700 | BA19: 12681600 | BB19: 8973800 | BC19: 6212900 | BD19: 5899700 | BE19: 6480900 | BF19: 6318700 | BG19: 4395100 | BH19: 2896700 | BI19: 11423300 | BJ19: 14281400 | BK19: 13612300 | BL19: 8629700 | BM19: 6018200 | BN19: 6342600 | BO19: 7613900 | BP19: 5211900 | BQ19: 2787200 | BR19: 2889700
A20: Bilia AB | B20: 5561125690 | C20: SE0009921588 | D20: SWE | E20: Företagstjänster | F20: 0.1121 | G20: 0.0898 | H20: 0.0627 | I20: 0.0535 | J20: 0.0522 | K20: 0.085 | L20: 0.084 | M20: 0.022 | N20: 0.005 | O20: 0.018 | P20: -0.00255 | Q20: -0.00029762 | R20: 0 | S20: 0.0076779 | T20: 0.0346414 | U20: 0 | V20: 0 | W20: =35*1000 -> 35000 | X20: 0 | Y20: =13*1000 -> 13000 | Z20: 4476 | AA20: 4195 | AB20: 4385 | AC20: 4097 | AD20: 4298 | AE20: 3032000 | AF20: 3595000 | AG20: 3195000 | AH20: 2068000 | AI20: 2393000 | AJ20: 2.3060686 | AK20: 1.7148818 | AL20: 2.1480438 | AM20: 3.9366538 | AN20: 2.7760134 | AO20: {=('1100'!G20) / 100} -> 0.0394 | AP20: {=('1100'!H20) / 100} -> 0.0621 | AQ20: {=('1100'!I20) / 100} -> 0.0559 | AR20: {=('1100'!J20) / 100} -> 0.0468 | AS20: {=('1100'!K20) / 100} -> 0.0399 | AT20: {=('1100'!A20) / 100} -> 0.25 | AU20: {=('1100'!B20) / 100} -> 0.244 | AV20: {=('1100'!C20) / 100} -> 0.257 | AW20: {=('1100'!D20) / 100} -> 0.242 | AX20: {=('1100'!E20) / 100} -> 0.198 | AY20: 38560000 | AZ20: 35760000 | BA20: 35548000 | BB20: 30187000 | BC20: 29532000 | BD20: 1496000 | BE20: 1520000 | BF20: 1175000 | BG20: 812000 | BH20: 847000 | BI20: 19395000 | BJ20: 20001000 | BK20: 17200000 | BL20: 16416000 | BM20: 16081000 | BN20: 4841000 | BO20: 4887000 | BP20: 4417000 | BQ20: 3968000 | BR20: 3186000
A21: Billerud Aktiebolag (publ) | B21: 5560255001 | C21: SE0000862997 | D21: SWE | E21: Företagstjänster | F21: 0.0994 | G21: 0.1 | H21: 0.1 | I21: 0.11 | J21: 0.11 | K21: 0.085 | L21: 0.084 | M21: 0.022 | N21: 0.005 | O21: 0.018 | P21: -0.00255 | Q21: -0.00029762 | R21: 0 | S21: 0.0076779 | T21: 0.0346414 | U21: 0 | V21: 0 | W21: 0 | X21: 0 | Y21: 0 | Z21: 6134 | AA21: 5525 | AB21: 4370 | AC21: 4468 | AD21: 4596 | AE21: 3314000 | AF21: 8167000 | AG21: 3901000 | AH21: 2712000 | AI21: 2830000 | AJ21: 2.7012674 | AK21: 0.92555406 | AL21: 2.252243 | AM21: 4.0855457 | AN21: 4.2787986 | AO21: {=('1100'!G21) / 100} -> 0.0152 | AP21: {=('1100'!H21) / 100} -> 0.1423 | AQ21: {=('1100'!I21) / 100} -> 0.076 | AR21: {=('1100'!J21) / 100} -> 0.0337 | AS21: {=('1100'!K21) / 100} -> 0.059 | AT21: {=('1100'!A21) / 100} -> 0.562 | AU21: {=('1100'!B21) / 100} -> 0.569 | AV21: {=('1100'!C21) / 100} -> 0.528 | AW21: {=('1100'!D21) / 100} -> 0.531 | AX21: {=('1100'!E21) / 100} -> 0.527 | AY21: 40634000 | AZ21: 43754000 | BA21: 26802000 | BB21: 24228000 | BC21: 24614000 | BD21: 2215000 | BE21: 2225000 | BF21: 1952000 | BG21: 1951000 | BH21: 2011000 | BI21: 47926000 | BJ21: 51415000 | BK21: 37978000 | BL21: 36360000 | BM21: 36924000 | BN21: 26945000 | BO21: 29254000 | BP21: 20041000 | BQ21: 19294000 | BR21: 19462000
A22: BioGaia AB | B22: 5563808723 | C22: SE0017769995 | D22: SWE | E22: Partihandel | F22: 0.0965 | G22: 0.0954 | H22: 0.0772 | I22: 0.0865 | J22: 0.05 | K22: 0.085 | L22: 0.084 | M22: 0.022 | N22: 0.005 | O22: 0.018 | P22: -0.00255 | Q22: -0.00029762 | R22: 0 | S22: 0.0076779 | T22: 0.0346414 | U22: 0 | V22: 0 | W22: 0 | X22: 0 | Y22: 0 | Z22: 213 | AA22: 203 | AB22: 161 | AC22: 157 | AD22: 153 | AE22: 466773 | AF22: 375659 | AG22: 258989 | AH22: 238109 | AI22: 252039 | AJ22: 0.22947128 | AK22: 0.20379387 | AL22: 0.47775388 | AM22: 0.13353128 | AN22: 0.1318288 | AO22: {=('1100'!G22) / 100} -> 0.3738 | AP22: {=('1100'!H22) / 100} -> 0.4103 | AQ22: {=('1100'!I22) / 100} -> 0.3233 | AR22: {=('1100'!J22) / 100} -> 0.3056 | AS22: {=('1100'!K22) / 100} -> 0.3162 | AT22: {=('1100'!A22) / 100} -> 0.87 | AU22: {=('1100'!B22) / 100} -> 0.891 | AV22: {=('1100'!C22) / 100} -> 0.882 | AW22: {=('1100'!D22) / 100} -> 0 | AX22: {=('1100'!E22) / 100} -> 0.763 | AY22: 1298729 | AZ22: 1131446 | BA22: 796714 | BB22: 748161 | BC22: 768347 | BD22: 165174 | BE22: 171517 | BF22: 149227 | BG22: 530000 | BH22: 530000 | BI22: 2333190 | BJ22: 2213966 | BK22: 2128054 | BL22: 1913282 | BM22: 665900 | BN22: 2030342 | BO22: 1972416 | BP22: 1877365 | BQ22: 699349 | BR22: 507872
A23: Biotage AB | B23: 5565393138 | C23: SE0000454746 | D23: SWE | E23: Företagstjänster | F23: =0.1126 -> 0.1126 | G23: =0.122 -> 0.122 | H23: =0.0998 -> 0.0998 | I23: =0.1172 -> 0.1172 | J23: =0.129 -> 0.129 | K23: 0.085 | L23: 0.084 | M23: 0.022 | N23: 0.005 | O23: 0.018 | P23: -0.00255 | Q23: -0.00029762 | R23: 0 | S23: 0.0076779 | T23: 0.0346414 | U23: 0 | V23: 0 | W23: 0 | X23: 0 | Y23: 0 | Z23: 674 | AA23: 517 | AB23: 497 | AC23: 463 | AD23: 440 | AE23: 463 000 | AF23: 429 000 | AG23: 347 000 | AH23: 279 832 | AI23: 282 492 | AJ23: 1.222 | AK23: 0.653 | AL23: 0.648 | AM23: 0.811 | AN23: 0.878 | AO23: {=('1100'!G23) / 100} -> 0.1847 | AP23: {=('1100'!H23) / 100} -> 0.2312 | AQ23: {=('1100'!I23) / 100} -> 0.2281 | AR23: {=('1100'!J23) / 100} -> 0.2116 | AS23: {=('1100'!K23) / 100} -> 0.1951 | AT23: {=('1100'!A23) / 100} -> 0.742 | AU23: {=('1100'!B23) / 100} -> 0.7 | AV23: {=('1100'!C23) / 100} -> 0.688 | AW23: {=('1100'!D23) / 100} -> 0.69 | AX23: {=('1100'!E23) / 100} -> 0.655 | AY23: 1878000 | AZ23: 1603000 | BA23: 1249000 | BB23: 1112785 | BC23: 1104175 | BD23: 2 391 000 | BE23: 794 000 | BF23: 741 000 | BG23: 290209 | BH23: 315869 | BI23: 4931000 | BJ23: 2339000 | BK23: 1992000 | BL23: 1434441 | BM23: 1335687 | BN23: 3657000 | BO23: 1637000 | BP23: 1371000 | BQ23: 990038 | BR23: 875503
A24: Boliden AB | B24: 5560514142 | C24: SE0020050417 | D24: SWE | E24: Företagstjänster | F24: 0.09 | G24: 0.09 | H24: 0.09 | I24: 0.09 | J24: 0.09 | K24: 0.085 | L24: 0.084 | M24: 0.022 | N24: 0.005 | O24: 0.018 | P24: -0.00255 | Q24: -0.00029762 | R24: 0 | S24: 0.0076779 | T24: 0.0346414 | U24: 0 | V24: 0 | W24: 0 | X24: 0 | Y24: 0 | Z24: 5664 | AA24: 6226 | AB24: 6167 | AC24: 6071 | AD24: 5997 | AE24: 14533000 | AF24: 22058000 | AG24: 16703000 | AH24: 14628000 | AI24: 12689000 | AJ24: 1.2378724 | AK24: 1.0232115 | AL24: 0.56947854 | AM24: 0.64376538 | AN24: 0.69461739 | AO24: {=('1100'!G24) / 100} -> 0.1081 | AP24: {=('1100'!H24) / 100} -> 0.1845 | AQ24: {=('1100'!I24) / 100} -> 0.1615 | AR24: {=('1100'!J24) / 100} -> 0.1587 | AS24: {=('1100'!K24) / 100} -> 0.1524 | AT24: {=('1100'!A24) / 100} -> 0.553 | AU24: {=('1100'!B24) / 100} -> 0.605 | AV24: {=('1100'!C24) / 100} -> 0.632 | AW24: {=('1100'!D24) / 100} -> 0.629 | AX24: {=('1100'!E24) / 100} -> 0.624 | AY24: 79465000 | AZ24: 87343000 | BA24: 69064000 | BB24: 56663000 | BC24: 50290000 | BD24: 3240000 | BE24: 3295000 | BF24: 3153000 | BG24: 3077000 | BH24: 3204000 | BI24: 101957000 | BJ24: 96376000 | BK24: 80549000 | BL24: 72492000 | BM24: 66424000 | BN24: 56404000 | BO24: 58311000 | BP24: 50867000 | BQ24: 45625000 | BR24: 41429000
A25: Boozt AB | B25: 5567935183 | C25: SE0009888738 | D25: SWE | E25: Företagstjänster | F25: 0.117 | G25: 0.114 | H25: 0.103 | I25: 0.105 | J25: 0.105 | K25: 0.085 | L25: 0.084 | M25: 0.022 | N25: 0.005 | O25: 0.018 | P25: -0.00255 | Q25: -0.00029762 | R25: 0 | S25: 0.0076779 | T25: 0.0346414 | U25: 0 | V25: 0 | W25: 0 | X25: 0 | Y25: 0 | Z25: 1093 | AA25: 1253 | AB25: 1049 | AC25: 375 | AD25: 337 | AE25: 551000 | AF25: 475600 | AG25: 431500 | AH25: 344100 | AI25: 198000 | AJ25: 1.6297641 | AK25: 1.8467199 | AL25: 1.7251448 | AM25: 1.5896542 | AN25: 2.4838384 | AO25: {=('1100'!G25) / 100} -> 0.0418 | AP25: {=('1100'!H25) / 100} -> 0.0383 | AQ25: {=('1100'!I25) / 100} -> 0.0455 | AR25: {=('1100'!J25) / 100} -> 0.0418 | AS25: {=('1100'!K25) / 100} -> 0.0268 | AT25: {=('1100'!A25) / 100} -> 0.457 | AU25: {=('1100'!B25) / 100} -> 0.418 | AV25: {=('1100'!C25) / 100} -> 0.43 | AW25: {=('1100'!D25) / 100} -> 0.473 | AX25: {=('1100'!E25) / 100} -> 0.379 | AY25: 7755000 | AZ25: 6747900 | BA25: 5818500 | BB25: 4359300 | BC25: 3424900 | BD25: 298000 | BE25: 299800 | BF25: 275500 | BG25: 9400 | BH25: 9800 | BI25: 5959000 | BJ25: 5992200 | BK25: 5057800 | BL25: 4031800 | BM25: 2487200 | BN25: 2721000 | BO25: 2502600 | BP25: 2176500 | BQ25: 1908100 | BR25: 942500
A26: Bravida Holding AB | B26: 5568915390 | C26: SE0007491303 | D26: SWE | E26: Företagstjänster | F26: 0.106 | G26: 0.109 | H26: 0.074 | I26: 0.079 | J26: 0.071 | K26: 0.085 | L26: 0.084 | M26: 0.022 | N26: 0.005 | O26: 0.018 | P26: -0.00255 | Q26: -0.00029762 | R26: 0 | S26: 0.0076779 | T26: 0.0346414 | U26: 0 | V26: 0 | W26: 0 | X26: 0 | Y26: 0 | Z26: 13833 | AA26: 13078 | AB26: 11864 | AC26: 11906 | AD26: 11722 | AE26: 2322000 | AF26: 2164000 | AG26: 1944000 | AH26: 1782000 | AI26: 1641000 | AJ26: 0.99612403 | AK26: 0.94269871 | AL26: 0.59053498 | AM26: 0.96352413 | AN26: 0.78549665 | AO26: {=('1100'!G26) / 100} -> 0.0604 | AP26: {=('1100'!H26) / 100} -> 0.0653 | AQ26: {=('1100'!I26) / 100} -> 0.0695 | AR26: {=('1100'!J26) / 100} -> 0.0644 | AS26: {=('1100'!K26) / 100} -> 0.0603 | AT26: {=('1100'!A26) / 100} -> 0.338 | AU26: {=('1100'!B26) / 100} -> 0.351 | AV26: {=('1100'!C26) / 100} -> 0.349 | AW26: {=('1100'!D26) / 100} -> 0.343 | AX26: {=('1100'!E26) / 100} -> 0.338 | AY26: 29423000 | AZ26: 26303000 | BA26: 21876000 | BB26: 21147000 | BC26: 20404000 | BD26: 11000000 | BE26: 10439000 | BF26: 9500000 | BG26: 8904000 | BH26: 8731000 | BI26: 24333000 | BJ26: 22472000 | BK26: 19516000 | BL26: 17053000 | BM26: 16510000 | BN26: 8229000 | BO26: 7895000 | BP26: 6815000 | BQ26: 5855000 | BR26: 5586000
A27: BTS Group AB | B27: 5565667119 | C27: SE0000805426 | D27: SWE | E27: Juridik, ekonomi & konsulttjänster | F27: 0.113 | G27: 0.11 | H27: 0.1 | I27: 0.105 | J27: 0.105 | K27: 0.085 | L27: 0.084 | M27: 0.022 | N27: 0.005 | O27: 0.018 | P27: -0.00255 | Q27: -0.00029762 | R27: 0 | S27: 0.0076779 | T27: 0.0346414 | U27: 0 | V27: 0 | W27: 0 | X27: 0 | Y27: 0 | Z27: 1152 | AA27: 1129 | AB27: 936 | AC27: 843 | AD27: 779 | AE27: 421917 | AF27: 419946 | AG27: 409153 | AH27: 155429 | AI27: 311185 | AJ27: 1.9821221 | AK27: 0.76621042 | AL27: 1.3260174 | AM27: 2.5912088 | AN27: 0.73989749 | AO27: {=('1100'!G27) / 100} -> 0.12 | AP27: {=('1100'!H27) / 100} -> 0.121 | AQ27: {=('1100'!I27) / 100} -> 0.1597 | AR27: {=('1100'!J27) / 100} -> 0.045 | AS27: {=('1100'!K27) / 100} -> 0.1216 | AT27: {=('1100'!A27) / 100} -> 0.44 | AU27: {=('1100'!B27) / 100} -> 0.44 | AV27: {=('1100'!C27) / 100} -> 0.395 | AW27: {=('1100'!D27) / 100} -> 0.362 | AX27: {=('1100'!E27) / 100} -> 0.449 | AY27: 2682892 | AZ27: 2529634 | BA27: 1966456 | BB27: 1464155 | BC27: 1865499 | BD27: 1103993 | BE27: 908882 | BF27: 830094 | BG27: 548759 | BH27: 535916 | BI27: 2956421 | BJ27: 2758519 | BK27: 2491837 | BL27: 1960087 | BM27: 1868812 | BN27: 1300654 | BO27: 1213930 | BP27: 983250 | BQ27: 709857 | BR27: 839677
A28: Bufab AB (publ) | B28: 5566856240 | C28: SE0005677135 | D28: SWE | E28: Företagstjänster | F28: 0.099 | G28: 0.08 | H28: 0.08 | I28: =0.08 -> 0.08 | J28: 0.075 | K28: 0.085 | L28: 0.084 | M28: 0.022 | N28: 0.005 | O28: 0.018 | P28: -0.00255 | Q28: -0.00029762 | R28: 0 | S28: 0.0076779 | T28: 0.0346414 | U28: 0 | V28: 0 | W28: 0 | X28: 0 | Y28: 0 | Z28: 1834 | AA28: 1754 | AB28: 1423 | AC28: 1352 | AD28: 1296 | AE28: 1252000 | AF28: 1170000 | AG28: 856000 | AH28: 636000 | AI28: 516000 | AJ28: 2.9376997 | AK28: 3.4820513 | AL28: 3.1799065 | AM28: 3.3160377 | AN28: 5.0505368 | AO28: {=('1100'!G28) / 100} -> 0.1139 | AP28: {=('1100'!H28) / 100} -> 0.1121 | AQ28: {=('1100'!I28) / 100} -> 0.1131 | AR28: {=('1100'!J28) / 100} -> 0.0957 | AS28: {=('1100'!K28) / 100} -> 0.0862 | AT28: {=('1100'!A28) / 100} -> 0.397 | AU28: {=('1100'!B28) / 100} -> 0.322 | AV28: {=('1100'!C28) / 100} -> 0.362 | AW28: {=('1100'!D28) / 100} -> 0.387 | AX28: {=('1100'!E28) / 100} -> 0.333 | AY28: 8736000 | AZ28: 8660000 | BA28: 5915000 | BB28: 4811000 | BC28: 4387000 | BD28: 2842000 | BE28: 2857000 | BF28: 1994000 | BG28: 216000 | BH28: 1771000 | BI28: 8600000 | BJ28: 9436000 | BK28: 6573000 | BL28: 4991000 | BM28: 5250000 | BN28: 3418000 | BO28: 3036000 | BP28: 2377000 | BQ28: 1931000 | BR28: 1749000
A29: Byggmax Group AB | B29: 5566563531 | C29: SE0003303627 | D29: SWE | E29: Fastighetsverksamhet | F29: 0.154 | G29: 0.105 | H29: 0.086 | I29: 0.088 | J29: 0.073 | K29: 0.085 | L29: 0.084 | M29: 0.022 | N29: 0.005 | O29: 0.018 | P29: -0.00255 | Q29: -0.00029762 | R29: 0 | S29: 0.0076779 | T29: 0.0346414 | U29: 0 | V29: 0 | W29: 0 | X29: 0 | Y29: 0 | Z29: 1289 | AA29: 1387 | AB29: 1370 | AC29: 1212 | AD29: 1103 | AE29: 781000 | AF29: 1063000 | AG29: 1369000 | AH29: 1136000 | AI29: 694400 | AJ29: 3.1549296 | AK29: 1.3715898 | AL29: 1.5631848 | AM29: 1.4339789 | AN29: 2.0452189 | AO29: {=('1100'!G29) / 100} -> 0.0275 | AP29: {=('1100'!H29) / 100} -> 0.0678 | AQ29: {=('1100'!I29) / 100} -> 0.1125 | AR29: {=('1100'!J29) / 100} -> 0.1012 | AS29: {=('1100'!K29) / 100} -> 0.0463 | AT29: {=('1100'!A29) / 100} -> 0.383 | AU29: {=('1100'!B29) / 100} -> 0.363 | AV29: {=('1100'!C29) / 100} -> 0.371 | AW29: {=('1100'!D29) / 100} -> 0.399 | AX29: {=('1100'!E29) / 100} -> 0.298 | AY29: 6152000 | AZ29: 7298000 | BA29: 7670000 | BB29: 6827000 | BC29: 5286900 | BD29: 2015000 | BE29: 2024000 | BF29: 1963000 | BG29: 2006000 | BH29: 1808300 | BI29: 6165000 | BJ29: 6508000 | BK29: 6073000 | BL29: 4933000 | BM29: 5044500 | BN29: 2361000 | BO29: 2361000 | BP29: 2252000 | BQ29: 1968000 | BR29: 1500800
A30: CellaVision AB | B30: 5565000998 | C30: SE0000683484 | D30: SWE | E30: Utbildning, forskning & utveckling | F30: 0.101 | G30: 0.094 | H30: =0.104 -> 0.104 | I30: =0.104 -> 0.104 | J30: =0.104 -> 0.104 | K30: 0.085 | L30: 0.084 | M30: 0.022 | N30: 0.005 | O30: 0.018 | P30: -0.00255 | Q30: -0.00029762 | R30: 0 | S30: 0.0076779 | T30: 0.0346414 | U30: 0 | V30: 0 | W30: 0 | X30: 0 | Y30: 0 | Z30: 242 | AA30: 242 | AB30: 201 | AC30: 182 | AD30: 125 | AE30: 206814 | AF30: 194994 | AG30: 196170 | AH30: 142311 | AI30: 146731 | AJ30: 0.13859797 | AK30: 0.3095685 | AL30: 0.73301728 | AM30: 0.91546683 | AN30: 1.1004219 | AO30: {=('1100'!G30) / 100} -> 0.2576 | AP30: {=('1100'!H30) / 100} -> 0.2563 | AQ30: {=('1100'!I30) / 100} -> 0.2938 | AR30: {=('1100'!J30) / 100} -> 0.249 | AS30: {=('1100'!K30) / 100} -> 0.2871 | AT30: {=('1100'!A30) / 100} -> 0.771 | AU30: {=('1100'!B30) / 100} -> 0.72 | AV30: {=('1100'!C30) / 100} -> 0.658 | AW30: {=('1100'!D30) / 100} -> 0.643 | AX30: {=('1100'!E30) / 100} -> 0.543 | AY30: 677292 | AZ30: 639340 | BA30: 565552 | BB30: 471443 | BC30: 461772 | BD30: 123780 | BE30: 124141 | BF30: 114085 | BG30: 111972 | BH30: 115121 | BI30: 928712 | BJ30: 891748 | BK30: 825212 | BL30: 668025 | BM30: 641709 | BN30: 716389 | BO30: 641628 | BP30: 543280 | BQ30: 429617 | BR30: 348373
A31: Cint Group AB (publ) | B31: 5590403217 | C31: SE0015483276 | D31: SWE | E31: Juridik, ekonomi & konsulttjänster | F31: =0.131 -> 0.131 | G31: =0.111 -> 0.111 | H31: 0.091 | I31: =0.108 -> 0.108 | J31: =0.108 -> 0.108 | K31: 0.085 | L31: 0.084 | M31: 0.022 | N31: 0.005 | O31: 0.018 | P31: -0.00255 | Q31: -0.00029762 | R31: 0 | S31: 0.0076779 | T31: 0.0346414 | U31: =412.213*1000 -> 412213 | V31: =340.769*1000 -> 340769 | W31: 0 | X31: 0 | Y31: 0 | Z31: 885 | AA31: 830 | AB31: 891 | AC31: 229 | AD31: 199 | AE31: 287 386 | AF31: - 3 481 646 | AG31: 60 548 | AH31: 133 557 | AI31: 50 472 | AJ31: 6.075 | AK31: - 0,608 | AL31: 32.181 | AM31: 1.305 | AN31: 10.14 | AO31: {=('1100'!G31) / 100} -> -1.68 | AP31: {=('1100'!H31) / 100} -> -1.2 | AQ31: {=('1100'!I31) / 100} -> -0.0066 | AR31: {=('1100'!J31) / 100} -> 0.0643 | AS31: {=('1100'!K31) / 100} -> -0.01 | AT31: {=('1100'!A31) / 100} -> 0.585 | AU31: {=('1100'!B31) / 100} -> 0.736 | AV31: {=('1100'!C31) / 100} -> 0.791 | AW31: {=('1100'!D31) / 100} -> 0.697 | AX31: {=('1100'!E31) / 100} -> 0.559 | AY31: 3161972 | AZ31: 3465987 | BA31: 1533240 | BB31: 1050200 | BC31: 838758 | BD31: 1726083 | BE31: 6670055 | BF31: 9280734 | BG31: 1010594 | BH31: 1053369 | BI31: 6945375 | BJ31: 12851240 | BK31: 14880340 | BL31: 2003890 | BM31: 2010770 | BN31: 4060848 | BO31: 9453619 | BP31: 11766576 | BQ31: 1396403 | BR31: 1123484
A32: Cloetta AB | B32: 5563088144 | C32: SE0002626861 | D32: SWE | E32: Företagstjänster | F32: 0.108 | G32: 0.11 | H32: 0.067 | I32: 0.065 | J32: 0.072 | K32: 0.085 | L32: 0.084 | M32: 0.022 | N32: 0.005 | O32: 0.018 | P32: -0.00255 | Q32: -0.00029762 | R32: 0 | S32: 0.0076779 | T32: 0.0346414 | U32: 0 | V32: 0 | W32: 0 | X32: 0 | Y32: 0 | Z32: 2582 | AA32: 2598 | AB32: 2599 | AC32: 2653 | AD32: 2629 | AE32: 1030000 | AF32: 728000 | AG32: 825000 | AH32: 737000 | AI32: 1028000 | AJ32: 3.4504854 | AK32: 3.1277473 | AL32: 2.6206061 | AM32: 0.15061058 | AN32: 1.6974708 | AO32: {=('1100'!G32) / 100} -> 0.104 | AP32: {=('1100'!H32) / 100} -> 0.0799 | AQ32: {=('1100'!I32) / 100} -> 0.1004 | AR32: {=('1100'!J32) / 100} -> 0.0817 | AS32: {=('1100'!K32) / 100} -> 0.1123 | AT32: {=('1100'!A32) / 100} -> 0.477 | AU32: {=('1100'!B32) / 100} -> 0.484 | AV32: {=('1100'!C32) / 100} -> 0.473 | AW32: {=('1100'!D32) / 100} -> 0.451 | AX32: {=('1100'!E32) / 100} -> 0.434 | AY32: 8301000 | AZ32: 6869000 | BA32: 6046000 | BB32: 5695000 | BC32: 6493000 | BD32: 2565000 | BE32: 2570000 | BF32: 2391000 | BG32: 2347000 | BH32: 2400000 | BI32: 10683000 | BJ32: 10316000 | BK32: 9549000 | BL32: 9257000 | BM32: 9660000 | BN32: 5098000 | BO32: 4994000 | BP32: 4515000 | BQ32: 4179000 | BR32: 4197000
A33: Concentric AB | B33: 5568284995 | C33: SE0003950864 | D33: SWE | E33: Juridik, ekonomi & konsulttjänster | F33: 0.1 | G33: 0.097 | H33: 0.076 | I33: 0.056 | J33: =0.07 -> 0.07 | K33: 0.085 | L33: 0.084 | M33: 0.022 | N33: 0.005 | O33: 0.018 | P33: -0.00255 | Q33: -0.00029762 | R33: 0 | S33: 0.0076779 | T33: 0.0346414 | U33: 0 | V33: 0 | W33: 0 | X33: 0 | Y33: 0 | Z33: 1282 | AA33: 1207 | AB33: 817 | AC33: 641 | AD33: 844 | AE33: 786000 | AF33: 865000 | AG33: 499000 | AH33: 362000 | AI33: 571000 | AJ33: 1.3231552 | AK33: 1.4809249 | AL33: 2.7835671 | AM33: 1.6298343 | AN33: 1.0262697 | AO33: {=('1100'!G33) / 100} -> 0.146 | AP33: {=('1100'!H33) / 100} -> 0.1711 | AQ33: {=('1100'!I33) / 100} -> 0.1924 | AR33: {=('1100'!J33) / 100} -> 0.1851 | AS33: {=('1100'!K33) / 100} -> 0.2391 | AT33: {=('1100'!A33) / 100} -> 0.507 | AU33: {=('1100'!B33) / 100} -> 0.461 | AV33: {=('1100'!C33) / 100} -> 0.386 | AW33: {=('1100'!D33) / 100} -> 0.521 | AX33: {=('1100'!E33) / 100} -> 0.536 | AY33: 4324000 | AZ33: 4160000 | BA33: 2236000 | BB33: 1583000 | BC33: 2106000 | BD33: 1422000 | BE33: 1455000 | BF33: 1303000 | BG33: 649000 | BH33: 656000 | BI33: 4306000 | BJ33: 4495000 | BK33: 3783000 | BL33: 2047000 | BM33: 2119000 | BN33: 2181000 | BO33: 2070000 | BP33: 1462000 | BQ33: 1067000 | BR33: 1136000
A34: Dometic Group AB (publ) | B34: 5568294390 | C34: SE0007691613 | D34: SWE | E34: Företagstjänster | F34: 0.096 | G34: 0.1272 | H34: 0.0816 | I34: 0.0841 | J34: 0.0942 | K34: 0.085 | L34: 0.084 | M34: 0.022 | N34: 0.005 | O34: 0.018 | P34: -0.00255 | Q34: -0.00029762 | R34: 0 | S34: 0.0076779 | T34: 0.0346414 | U34: 0 | V34: 0 | W34: 0 | X34: 0 | Y34: 0 | Z34: 8093 | AA34: 8834 | AB34: 7650 | AC34: 6868 | AD34: 7257 | AE34: 3297000 | AF34: 4057000 | AG34: 3775000 | AH34: 2489000 | AI34: 2952000 | AJ34: 7.3773127 | AK34: 5.5671679 | AL34: 6.0164238 | AM34: 6.6376055 | AN34: 5.3665312 | AO34: {=('1100'!G34) / 100} -> 0.1026 | AP34: {=('1100'!H34) / 100} -> 0.1028 | AQ34: {=('1100'!I34) / 100} -> 0.1333 | AR34: {=('1100'!J34) / 100} -> 0.1164 | AS34: {=('1100'!K34) / 100} -> 0.1281 | AT34: {=('1100'!A34) / 100} -> 0.48 | AU34: {=('1100'!B34) / 100} -> 0.46 | AV34: {=('1100'!C34) / 100} -> 0.431 | AW34: {=('1100'!D34) / 100} -> 0.431 | AX34: {=('1100'!E34) / 100} -> 0.473 | AY34: 27775000 | AZ34: 29908000 | BA34: 21594000 | BB34: 16271000 | BC34: 18571000 | BD34: 21267 | BE34: 22086000 | BF34: 20503000 | BG34: 13545000 | BH34: 14832000 | BI34: 54119000 | BJ34: 57451000 | BK34: 52030000 | BL34: 37615000 | BM34: 36681000 | BN34: 25992000 | BO34: 26415000 | BP34: 22447000 | BQ34: 16201000 | BR34: 17363000
A35: Duni AB | B35: 5565367488 | C35: SE0000616716 | D35: SWE | E35: Partihandel | F35: 0.125 | G35: 0.116 | H35: 0.097 | I35: 0.094 | J35: 0.079 | K35: 0.085 | L35: 0.084 | M35: 0.022 | N35: 0.005 | O35: 0.018 | P35: -0.00255 | Q35: -0.00029762 | R35: 0 | S35: 0.0076779 | T35: 0.0346414 | U35: 0 | V35: 0 | W35: =21*1000 -> 21000 | X35: 0 | Y35: =58*1000 -> 58000 | Z35: 2373 | AA35: 2402 | AB35: 2442 | AC35: 2450 | AD35: 2476 | AE35: 923000 | AF35: 604000 | AG35: 444000 | AH35: 358000 | AI35: 701000 | AJ35: 1.1213434 | AK35: 2.5182119 | AL35: 4.6711712 | AM35: 5.3156425 | AN35: 3.3338088 | AO35: {=('1100'!G35) / 100} -> 0.0885 | AP35: {=('1100'!H35) / 100} -> 0.0487 | AQ35: {=('1100'!I35) / 100} -> 0.0342 | AR35: {=('1100'!J35) / 100} -> 0.016 | AS35: {=('1100'!K35) / 100} -> 0.0739 | AT35: {=('1100'!A35) / 100} -> 0.495 | AU35: {=('1100'!B35) / 100} -> 0.438 | AV35: {=('1100'!C35) / 100} -> 0.411 | AW35: {=('1100'!D35) / 100} -> 0.44 | AX35: {=('1100'!E35) / 100} -> 0.41 | AY35: 7764000 | AZ35: 7056000 | BA35: 5195000 | BB35: 4622000 | BC35: 5571000 | BD35: 2110000 | BE35: 2136000 | BF35: 2010000 | BG35: 2011000 | BH35: 2054000 | BI35: 6913000 | BJ35: 7339000 | BK35: 6396000 | BL35: 5780000 | BM35: 6245000 | BN35: 3422000 | BO35: 3211000 | BP35: 2628000 | BQ35: 2542000 | BR35: 2563000
A36: Dustin Group AB | B36: 5567033062 | C36: SE0006625471 | D36: SWE | E36: Detaljhandel | F36: =0.089 -> 0.089 | G36: =0.089 -> 0.089 | H36: =0.085 -> 0.085 | I36: =0.082 -> 0.082 | J36: =0.082 -> 0.082 | K36: 0.085 | L36: 0.084 | M36: 0.022 | N36: 0.005 | O36: 0.018 | P36: -0.00255 | Q36: -0.00029762 | R36: 0 | S36: 0.0076779 | T36: 0.0346414 | U36: 0 | V36: 0 | W36: 0 | X36: 0 | Y36: 0 | Z36: 2409 | AA36: 2424 | AB36: 1858 | AC36: 1700 | AD36: 1644 | AE36: 885200 | AF36: 1165200 | AG36: 897300 | AH36: 684100 | AI36: 604700 | AJ36: 6.9055581 | AK36: 4.6637487 | AL36: 5.7362086 | AM36: 4.0342055 | AN36: 3.746982 | AO36: {=('1100'!G36) / 100} -> 0.0202 | AP36: {=('1100'!H36) / 100} -> 0.0322 | AQ36: {=('1100'!I36) / 100} -> 0.0364 | AR36: {=('1100'!J36) / 100} -> 0.0295 | AS36: {=('1100'!K36) / 100} -> 0.0391 | AT36: {=('1100'!A36) / 100} -> 0.334 | AU36: {=('1100'!B36) / 100} -> 0.321 | AV36: {=('1100'!C36) / 100} -> 0.327 | AW36: {=('1100'!D36) / 100} -> 0.316 | AX36: {=('1100'!E36) / 100} -> 0.338 | AY36: 23623900 | AZ36: 23621400 | BA36: 15891700 | BB36: 13209900 | BC36: 12543300 | BD36: 8746300 | BE36: 8097000 | BF36: 7752700 | BG36: 3706500 | BH36: 3839800 | BI36: 16133100 | BJ36: 15854900 | BK36: 14317200 | BL36: 7776100 | BM36: 7268300 | BN36: 5394300 | BO36: 5085100 | BP36: 4676400 | BQ36: 2455600 | BR36: 2460300
A37: Elanders AB | B37: 5560081621 | C37: SE0000119299 | D37: SWE | E37: Företagstjänster | F37: =0.083 -> 0.083 | G37: =0.075 -> 0.075 | H37: =0.071 -> 0.071 | I37: =0.083 -> 0.083 | J37: =0.083 -> 0.083 | K37: 0.085 | L37: 0.084 | M37: 0.022 | N37: 0.005 | O37: 0.018 | P37: -0.00255 | Q37: -0.00029762 | R37: 0 | S37: 0.0076779 | T37: 0.0346414 | U37: 0 | V37: 0 | W37: 0 | X37: 0 | Y37: 0 | Z37: 7203 | AA37: 2873 | AB37: 2256 | AC37: 6260 | AD37: 6696 | AE37: 1967500 | AF37: 1237130 | AG37: 1468400 | AH37: 1430800 | AI37: 660700 | AJ37: 4.0837611 | AK37: 5.9722099 | AL37: 3.7189458 | AM37: 2.3267403 | AN37: 5.5370062 | AO37: {=('1100'!G37) / 100} -> 0.0692 | AP37: {=('1100'!H37) / 100} -> 0.0607 | AQ37: {=('1100'!I37) / 100} -> 0.0516 | AR37: {=('1100'!J37) / 100} -> 0.0519 | AS37: {=('1100'!K37) / 100} -> 0.0347 | AT37: {=('1100'!A37) / 100} -> 0.245 | AU37: {=('1100'!B37) / 100} -> 0.263 | AV37: {=('1100'!C37) / 100} -> 0.278 | AW37: {=('1100'!D37) / 100} -> 0.334 | AX37: {=('1100'!E37) / 100} -> 0.302 | AY37: 13996400 | AZ37: 15171400 | BA37: 11815700 | BB37: 11118700 | BC37: 11317300 | BD37: 4452000 | BE37: 3655200 | BF37: 3304900 | BG37: 2413300 | BH37: 2480200 | BI37: 15630400 | BJ37: 14574100 | BK37: 11799600 | BL37: 8639100 | BM37: 9205400 | BN37: 3836400 | BO37: 3834800 | BP37: 3276500 | BQ37: 2887000 | BR37: 2777000
A38: Elekta AB (publ) | B38: 5561704015 | C38: SE0000163628 | D38: SWE | E38: Företagstjänster | F38: 0.097 | G38: 0.08 | H38: 0.08 | I38: 0.08 | J38: 0.08 | K38: 0.085 | L38: 0.084 | M38: 0.022 | N38: 0.005 | O38: 0.018 | P38: -0.00255 | Q38: -0.00029762 | R38: 0 | S38: 0.0076779 | T38: 0.0346414 | U38: 0 | V38: 0 | W38: 0 | X38: 0 | Y38: 0 | Z38: - | AA38: 4587 | AB38: 4631 | AC38: 4194 | AD38: 4117 | AE38: - | AF38: 2493000 | AG38: 2682000 | AH38: 3109000 | AI38: 2931000 | AJ38: - | AK38: 2.5964701 | AL38: 1.8866518 | AM38: 1.4419427 | AN38: 3.0696008 | AO38: {=('1100'!G38) / 100} -> 0.0896 | AP38: {=('1100'!H38) / 100} -> 0.0896 | AQ38: {=('1100'!I38) / 100} -> 0.117 | AR38: {=('1100'!J38) / 100} -> 0.1402 | AS38: {=('1100'!K38) / 100} -> 0.1178 | AT38: {=('1100'!A38) / 100} -> 0.329 | AU38: {=('1100'!B38) / 100} -> 0.329 | AV38: {=('1100'!C38) / 100} -> 0.339 | AW38: {=('1100'!D38) / 100} -> 0.33 | AX38: {=('1100'!E38) / 100} -> 0.286 | AY38: 18119000 | AZ38: 16869000 | BA38: 14703000 | BB38: 13860000 | BC38: 14612000 | BD38: =7849000 -> 7849000 | BE38: 6937000 | BF38: 6499000 | BG38: 5973000 | BH38: 6311000 | BI38: - | BJ38: 29608000 | BK38: 26303000 | BL38: 24844000 | BM38: 28411000 | BN38: 10774000 | BO38: 9729000 | BP38: 8912000 | BQ38: 8197000 | BR38: 8113000
A39: Enea Aktiebolag | B39: 5562097146 | C39: SE0009697220 | D39: SWE | E39: Företagstjänster | F39: =0.115 -> 0.115 | G39: =0.105 -> 0.105 | H39: =0.09 -> 0.09 | I39: =0.09 -> 0.09 | J39: =0.09 -> 0.09 | K39: 0.085 | L39: 0.084 | M39: 0.022 | N39: 0.005 | O39: 0.018 | P39: -0.00255 | Q39: -0.00029762 | R39: 0 | S39: 0.0076779 | T39: 0.0346414 | U39: =420.585*1000 -> 420585 | V39: 0 | W39: 0 | X39: 0 | Y39: 0 | Z39: 885 | AA39: 830 | AB39: 891 | AC39: 229 | AD39: 199 | AE39: 287 386 | AF39: - 3 481 646 | AG39: 60 548 | AH39: 133 557 | AI39: 50 472 | AJ39: 6.075 | AK39: - 0,608 | AL39: 32.181 | AM39: 1.305 | AN39: 10.14 | AO39: {=('1100'!G39) / 100} -> -1.68 | AP39: {=('1100'!H39) / 100} -> -1.2 | AQ39: {=('1100'!I39) / 100} -> -0.0066 | AR39: {=('1100'!J39) / 100} -> 0.0643 | AS39: {=('1100'!K39) / 100} -> -0.01 | AT39: {=('1100'!A39) / 100} -> 0.585 | AU39: {=('1100'!B39) / 100} -> 0.736 | AV39: {=('1100'!C39) / 100} -> 0.791 | AW39: {=('1100'!D39) / 100} -> 0.697 | AX39: {=('1100'!E39) / 100} -> 0.559 | AY39: 3161972 | AZ39: 3465987 | BA39: 1533240 | BB39: 1050200 | BC39: 838758 | BD39: 1726083 | BE39: 6670055 | BF39: 9280734 | BG39: 1010594 | BH39: 1053369 | BI39: 6945375 | BJ39: 12851240 | BK39: 14880340 | BL39: 2003890 | BM39: 2010770 | BN39: 4060848 | BO39: 9453619 | BP39: 11766576 | BQ39: 1396403 | BR39: 1123484
A40: Epiroc Aktiebolag | B40: 5560412149 | C40: SE0015658109 | D40: SWE | E40: Företagstjänster | F40: 0.08 | G40: 0.08 | H40: 0.08 | I40: 0.08 | J40: 0.08 | K40: 0.085 | L40: 0.084 | M40: 0.022 | N40: 0.005 | O40: 0.018 | P40: -0.00255 | Q40: -0.00029762 | R40: 0 | S40: 0.0076779 | T40: 0.0346414 | U40: 0 | V40: 0 | W40: 0 | X40: 0 | Y40: 0 | Z40: 17923 | AA40: 15969 | AB40: 14611 | AC40: 14012 | AD40: 14398 | AE40: 15846000 | AF40: 13277000 | AG40: 10740000 | AH40: 9128000 | AI40: 9947000 | AJ40: 0.82531869 | AK40: 0.70520449 | AL40: 0.92234637 | AM40: 1.2003725 | AN40: 0.84628531 | AO40: {=('1100'!G40) / 100} -> 0.2244 | AP40: {=('1100'!H40) / 100} -> 0.2291 | AQ40: {=('1100'!I40) / 100} -> 0.2311 | AR40: {=('1100'!J40) / 100} -> 0.2083 | AS40: {=('1100'!K40) / 100} -> 0.2037 | AT40: {=('1100'!A40) / 100} -> 0.543 | AU40: {=('1100'!B40) / 100} -> 0.534 | AV40: {=('1100'!C40) / 100} -> 0.531 | AW40: {=('1100'!D40) / 100} -> 0.54 | AX40: {=('1100'!E40) / 100} -> 0.555 | AY40: 60897000 | AZ40: 50042000 | BA40: 40006000 | BB40: 36287000 | BC40: 40979000 | BD40: 10222000 | BE40: 8275000 | BF40: 4089000 | BG40: 2049000 | BH40: 2185000 | BI40: 67784000 | BJ40: 61780000 | BK40: 48583000 | BL40: 43886000 | BM40: 41037000 | BN40: 36822000 | BO40: 33020000 | BP40: 25729000 | BQ40: 23693000 | BR40: 22761000
A41: EQT AB | B41: 5568494180 | C41: SE0012853455 | D41: SWE | E41: Bank, finans & försäkring | F41: 0.112 | G41: 0.088 | H41: 0.08 | I41: 0.08 | J41: 0.08 | K41: 0.085 | L41: 0.084 | M41: 0.022 | N41: 0.005 | O41: 0.018 | P41: -0.00255 | Q41: -0.00029762 | R41: 0 | S41: 0.0076779 | T41: 0.0346414 | U41: 0 | V41: 0 | W41: 0 | X41: 0 | Y41: 0 | Z41: 1727 | AA41: 1359 | AB41: 888 | AC41: 671 | AD41: 596 | AE41: 7690637 | AF41: 5628743 | AG41: 9944841 | AH41: 3411662 | AI41: 208200 | AJ41: 3.5678836 | AK41: 4.9849831 | AL41: 0.61038965 | AM41: 0.21529419 | AN41: 0.37463977 | AO41: {=('1100'!G41) / 100} -> 0.1398 | AP41: {=('1100'!H41) / 100} -> 0.2565 | AQ41: {=('1100'!I41) / 100} -> 0.5885 | AR41: {=('1100'!J41) / 100} -> 0.5436 | AS41: {=('1100'!K41) / 100} -> 0.302 | AT41: {=('1100'!A41) / 100} -> 0.652 | AU41: {=('1100'!B41) / 100} -> 0.666 | AV41: {=('1100'!C41) / 100} -> 0.756 | AW41: {=('1100'!D41) / 100} -> 0.778 | AX41: {=('1100'!E41) / 100} -> 0.757 | AY41: 23129612 | AZ41: 16652671 | BA41: 16359479 | BB41: 7111308 | BC41: 599700 | BD41: 23663330 | BE41: 24158774 | BF41: 8571301 | BG41: 153525 | BH41: 14700 | BI41: 102175297 | BJ41: 106798197 | BK41: 39891093 | BL41: 16282659 | BM41: 1428900 | BN41: 66615946 | BO41: 71165062 | BP41: 30164583 | BQ41: 12671314 | BR41: 1081800
A42: Essity Aktiebolag (publ) | B42: 5563255511 | C42: SE0009922156 | D42: SWE | E42: Företagstjänster | F42: 0.1187 | G42: 0.106 | H42: 0.076 | I42: 0.0753 | J42: 0.08 | K42: 0.085 | L42: 0.084 | M42: 0.022 | N42: 0.005 | O42: 0.018 | P42: -0.00255 | Q42: -0.00029762 | R42: 0 | S42: 0.0076779 | T42: 0.0346414 | U42: 0 | V42: 0 | W42: 0 | X42: 0 | Y42: 0 | Z42: 45900 | AA42: 45563 | AB42: 46275 | AC42: 6909 | AD42: 45980 | AE42: 22318000 | AF42: 16812000 | AG42: 20413000 | AH42: 23185000 | AI42: 20942000 | AJ42: 2.3901783 | AK42: 3.5646562 | AL42: 2.9220595 | AM42: 2.166487 | AN42: 2.6842708 | AO42: {=('1100'!G42) / 100} -> 0.1057 | AP42: {=('1100'!H42) / 100} -> 0.0618 | AQ42: {=('1100'!I42) / 100} -> 0.1094 | AR42: {=('1100'!J42) / 100} -> 0.1387 | AS42: {=('1100'!K42) / 100} -> 0.1121 | AT42: {=('1100'!A42) / 100} -> 0.349 | AU42: {=('1100'!B42) / 100} -> 0.32 | AV42: {=('1100'!C42) / 100} -> 0.342 | AW42: {=('1100'!D42) / 100} -> 0.351 | AX42: {=('1100'!E42) / 100} -> 0.333 | AY42: 147186000 | AZ42: 156211000 | BA42: 121925000 | BB42: 121846000 | BC42: 129035000 | BD42: 39337000 | BE42: 44786000 | BF42: 37803000 | BG42: 32324000 | BH42: 34581000 | BI42: 202993000 | BJ42: 210600000 | BK42: 175050000 | BL42: 154645000 | BM42: 162295000 | BN42: 70846000 | BO42: 67346000 | BP42: 59874000 | BQ42: 54352000 | BR42: 54125000
A43: Fagerhult Group AB | B43: 5561106203 | C43: SE0010048884 | D43: SWE | E43: Företagstjänster | F43: 0.1 | G43: 0.1 | H43: 0.1 | I43: 0.1 | J43: 0.1 | K43: 0.085 | L43: 0.084 | M43: 0.022 | N43: 0.005 | O43: 0.018 | P43: -0.00255 | Q43: -0.00029762 | R43: 0 | S43: 0.0076779 | T43: 0.0346414 | U43: 0 | V43: 0 | W43: 0 | X43: =48.6*1000 -> 48600 | Y43: =138.9*1000 -> 138900 | Z43: 4080 | AA43: 4059 | AB43: 4237 | AC43: 4419 | AD43: 4467 | AE43: 1341200 | AF43: 1256800 | AG43: 1147300 | AH43: 890900 | AI43: 1273600 | AJ43: 2.8285863 | AK43: 3.4524984 | AL43: 3.5777042 | AM43: 5.390055 | AN43: 4.4166143 | AO43: {=('1100'!G43) / 100} -> 0.1112 | AP43: {=('1100'!H43) / 100} -> 0.1058 | AQ43: {=('1100'!I43) / 100} -> 0.1014 | AR43: {=('1100'!J43) / 100} -> 0.0525 | AS43: {=('1100'!K43) / 100} -> 0.1062 | AT43: {=('1100'!A43) / 100} -> 0.552 | AU43: {=('1100'!B43) / 100} -> 0.516 | AV43: {=('1100'!C43) / 100} -> 0.492 | AW43: {=('1100'!D43) / 100} -> 0.47 | AX43: {=('1100'!E43) / 100} -> 0.417 | AY43: 8676300 | AZ43: 8347200 | BA43: 7232400 | BB43: 6994500 | BC43: 7918400 | BD43: 3085300 | BE43: 3028300 | BF43: 2904000 | BG43: 2843200 | BH43: 3002900 | BI43: 13007400 | BJ43: 13332600 | BK43: 12652700 | BL43: 12261900 | BM43: 13092100 | BN43: 7184100 | BO43: 6882300 | BP43: 6218900 | BQ43: 5764400 | BR43: 5461300
A44: FM Mattsson AB (publ) | B44: 5560510207 | C44: SE0018040883 | D44: SWE | E44: Tillverkning & industri | F44: =0.114 -> 0.114 | G44: =0.113 -> 0.113 | H44: =0.092 -> 0.092 | I44: =0.096 -> 0.096 | J44: =0.096 -> 0.096 | K44: 0.085 | L44: 0.084 | M44: 0.022 | N44: 0.005 | O44: 0.018 | P44: -0.00255 | Q44: -0.00029762 | R44: 0 | S44: 0.0076779 | T44: 0.0346414 | U44: 0 | V44: 0 | W44: 0 | X44: 0 | Y44: 0 | Z44: 568 | AA44: 559 | AB44: 532 | AC44: 516 | AD44: 489 | AE44: 284 979 | AF44: 345 652 | AG44: 400 231 | AH44: 275 283 | AI44: 192 257 | AJ44: 1.228 | AK44: 0.925 | AL44: 0.94 | AM44: 0.404 | AN44: 0.148 | AO44: {=('1100'!G44) / 100} -> 0.1157 | AP44: {=('1100'!H44) / 100} -> 0.1406 | AQ44: {=('1100'!I44) / 100} -> 0.1767 | AR44: {=('1100'!J44) / 100} -> 0.1337 | AS44: {=('1100'!K44) / 100} -> 0.0922 | AT44: {=('1100'!A44) / 100} -> 0.575 | AU44: {=('1100'!B44) / 100} -> 0.556 | AV44: {=('1100'!C44) / 100} -> 0.466 | AW44: {=('1100'!D44) / 100} -> 0.425 | AX44: {=('1100'!E44) / 100} -> 0.458 | AY44: 1964533 | AZ44: 1947482 | BA44: 1837956 | BB44: 1553672 | BC44: 1329672 | BD44: 288957 | BE44: 288629 | BF44: 270090 | BG44: 216660 | BH44: 221410 | BI44: 1778477 | BJ44: 1798170 | BK44: 1731389 | BL44: 1369728 | BM44: 1228751 | BN44: 1022560 | BO44: 999779 | BP44: 806890 | BQ44: 581893 | BR44: 563131
A45: Getinge AB (publ) | B45: 5564085032 | C45: SE0000202624 | D45: SWE | E45: Företagstjänster | F45: 0.1055 | G45: 0.096 | H45: 0.088 | I45: 0.084 | J45: 0.086 | K45: 0.085 | L45: 0.084 | M45: 0.022 | N45: 0.005 | O45: 0.018 | P45: -0.00255 | Q45: -0.00029762 | R45: 0 | S45: 0.0076779 | T45: 0.0346414 | U45: 0 | V45: 0 | W45: 0 | X45: 0 | Y45: 0 | Z45: 11226 | AA45: 10989 | AB45: 10717 | AC45: 10795 | AD45: 10684 | AE45: 5829000 | AF45: 5652000 | AG45: 6186000 | AH45: 7251000 | AI45: 4595000 | AJ45: 1.2376051 | AK45: 1.0327318 | AL45: 0.73310702 | AM45: 1.894911 | AN45: 2.2113166 | AO45: {=('1100'!G45) / 100} -> 0.1226 | AP45: {=('1100'!H45) / 100} -> 0.1331 | AQ45: {=('1100'!I45) / 100} -> 0.162 | AR45: {=('1100'!J45) / 100} -> 0.1607 | AS45: {=('1100'!K45) / 100} -> 0.0897 | AT45: {=('1100'!A45) / 100} -> 0.563 | AU45: {=('1100'!B45) / 100} -> 0.577 | AV45: {=('1100'!C45) / 100} -> 0.555 | AW45: {=('1100'!D45) / 100} -> 0.467 | AX45: {=('1100'!E45) / 100} -> 0.458 | AY45: 32857000 | AZ45: 28934000 | BA45: 27769000 | BB45: 30845000 | BC45: 26731000 | BD45: 24869000 | BE45: 22512000 | BF45: 19681000 | BG45: 17427000 | BH45: 18674000 | BI45: 53586000 | BJ45: 52032000 | BK45: 44555000 | BL45: 45015000 | BM45: 44713000 | BN45: 30166000 | BO45: 30038000 | BP45: 24749000 | BQ45: 21024000 | BR45: 20496000
A46: Gränges AB | B46: 5560016122 | C46: SE0006288015 | D46: SWE | E46: Företagstjänster | F46: 0.083 | G46: 0.086 | H46: 0.08 | I46: 0.08 | J46: 0.08 | K46: 0.085 | L46: 0.084 | M46: 0.022 | N46: 0.005 | O46: 0.018 | P46: -0.00255 | Q46: -0.00029762 | R46: 0 | S46: 0.0076779 | T46: 0.0346414 | U46: 0 | V46: 0 | W46: 0 | X46: 0 | Y46: 0 | Z46: 2718 | AA46: 2694 | AB46: 2648 | AC46: 1792 | AD46: 1805 | AE46: 2429000 | AF46: 2050000 | AG46: 1511000 | AH46: 1137000 | AI46: 1297000 | AJ46: 1.3771099 | AK46: 1.8253659 | AL46: 2.1409662 | AM46: 2.4054529 | AN46: 2.6322282 | AO46: {=('1100'!G46) / 100} -> 0.0722 | AP46: {=('1100'!H46) / 100} -> 0.0473 | AQ46: {=('1100'!I46) / 100} -> 0.0466 | AR46: {=('1100'!J46) / 100} -> 0.0543 | AS46: {=('1100'!K46) / 100} -> 0.0707 | AT46: {=('1100'!A46) / 100} -> 0.528 | AU46: {=('1100'!B46) / 100} -> 0.468 | AV46: {=('1100'!C46) / 100} -> 0.44 | AW46: {=('1100'!D46) / 100} -> 0.437 | AX46: {=('1100'!E46) / 100} -> 0.412 | AY46: 22519000 | AZ46: 24492000 | BA46: 18130000 | BB46: 11008000 | BC46: 11978000 | BD46: 979000 | BE46: =873000 -> 873000 | BF46: 873000 | BG46: 814000 | BH46: 404000 | BI46: 16688000 | BJ46: 17530000 | BK46: 15767000 | BL46: 13652000 | BM46: 10480000 | BN46: 8808000 | BO46: 8203000 | BP46: 6930000 | BQ46: 5968000 | BR46: 4314000
A47: H & M Hennes & Mauritz AB | B47: 5560427220 | C47: SE0000106270 | D47: SWE | E47: Företagstjänster | F47: 0.115 | G47: 0.115 | H47: 0.1155 | I47: 0.14 | J47: 0.14 | K47: 0.085 | L47: 0.084 | M47: 0.022 | N47: 0.005 | O47: 0.018 | P47: -0.00255 | Q47: -0.00029762 | R47: 0 | S47: 0.0076779 | T47: 0.0346414 | U47: 0 | V47: 0 | W47: 0 | X47: 0 | Y47: 0 | Z47: 101103 | AA47: 106522 | AB47: 107375 | AC47: 110325 | AD47: 126376 | AE47: 37492000 | AF47: 29748000 | AG47: 37575000 | AH47: 29052000 | AI47: 28397000 | AJ47: 1.7434119 | AK47: 2.1970889 | AL47: 1.5707784 | AM47: 2.4362522 | AN47: 0.79177378 | AO47: {=('1100'!G47) / 100} -> 0.0642 | AP47: {=('1100'!H47) / 100} -> 0.0328 | AQ47: {=('1100'!I47) / 100} -> 0.0777 | AR47: {=('1100'!J47) / 100} -> 0.0179 | AS47: {=('1100'!K47) / 100} -> 0.0761 | AT47: {=('1100'!A47) / 100} -> 0.262 | AU47: {=('1100'!B47) / 100} -> 0.279 | AV47: {=('1100'!C47) / 100} -> 0.334 | AW47: {=('1100'!D47) / 100} -> 0.313 | AX47: {=('1100'!E47) / 100} -> 0.474 | AY47: 237006000 | AZ47: 223553000 | BA47: 198967000 | BB47: 187031000 | BC47: 232755000 | BD47: 1013000 | BE47: 64000 | BF47: 64000 | BG47: 64000 | BH47: 64000 | BI47: 181273000 | BJ47: 182048000 | BK47: 179781000 | BL47: 174371000 | BM47: 120485000 | BN47: 47519000 | BO47: 50757000 | BP47: 60018000 | BQ47: 54623000 | BR47: 57069000
A48: Hemnet Group AB (publ) | B48: 5590884440 | C48: SE0015671995 | D48: SWE | E48: Företagstjänster | F48: 0.161 | G48: =0.147 -> 0.147 | H48: =0.143 -> 0.143 | I48: =0.155 -> 0.155 | J48: =0.156 -> 0.156 | K48: 0.085 | L48: 0.084 | M48: 0.022 | N48: 0.005 | O48: 0.018 | P48: -0.00255 | Q48: -0.00029762 | R48: 0 | S48: 0.0076779 | T48: 0.0346414 | U48: 0 | V48: 0 | W48: 0 | X48: 0 | Y48: 0 | Z48: 148 | AA48: 124 | AB48: 112 | AC48: 102 | AD48: 80 | AE48: 525 500 | AF48: 448 100 | AG48: 302 900 | AH48: 187 963 | AI48: 171 897 | AJ48: 1.401 | AK48: 1.202 | AL48: 1.644 | AM48: 4.871 | AN48: 5.412 | AO48: {=('1100'!G48) / 100} -> 0.4493 | AP48: {=('1100'!H48) / 100} -> 0.4252 | AQ48: {=('1100'!I48) / 100} -> 0.3079 | AR48: {=('1100'!J48) / 100} -> 0.204 | AS48: {=('1100'!K48) / 100} -> 0.2357 | AT48: {=('1100'!A48) / 100} -> 0.584 | AU48: {=('1100'!B48) / 100} -> 0.684 | AV48: {=('1100'!C48) / 100} -> 0.711 | AW48: {=('1100'!D48) / 100} -> 0.569 | AX48: {=('1100'!E48) / 100} -> 0.534 | AY48: 1020400 | AZ48: 901800 | BA48: 734500 | BB48: 549742 | BC48: 450618 | BD48: 902800 | BE48: 902800 | BF48: 902800 | BG48: 902815 | BH48: 902815 | BI48: 2156000 | BJ48: 2094600 | BK48: 2133500 | BL48: 2373309 | BM48: 2398711 | BN48: 1259600 | BO48: 1432700 | BP48: 1516900 | BQ48: 1349619 | BR48: 1280450
A49: Hexagon Aktiebolag | B49: 5561904771 | C49: SE0015961909 | D49: SWE | E49: Företagstjänster | F49: =0.115 -> 0.115 | G49: 0.1 | H49: 0.102 | I49: 0.102 | J49: 0.088 | K49: 0.085 | L49: 0.084 | M49: 0.022 | N49: 0.005 | O49: 0.018 | P49: -0.00255 | Q49: -0.00029762 | R49: 0 | S49: 0.0076779 | T49: 0.0346414 | U49: 0 | V49: 0 | W49: 0 | X49: =85*1000 -> 85000 | Y49: 0 | Z49: 24548 | AA49: 23196 | AB49: 16440 | AC49: 20343 | AD49: 20250 | AE49: 19135052 | AF49: 18562286 | AG49: 14506224 | AH49: 11801341 | AI49: 12397218 | AJ49: 2.1386489 | AK49: 2.3257038 | AL49: 1.702233 | AM49: 2.4102541 | AN49: 2.203674 | AO49: {=('1100'!G49) / 100} -> 0.2261 | AP49: {=('1100'!H49) / 100} -> 0.251 | AQ49: {=('1100'!I49) / 100} -> 0.2338 | AR49: {=('1100'!J49) / 100} -> 0.2107 | AS49: {=('1100'!K49) / 100} -> 0.23 | AT49: {=('1100'!A49) / 100} -> 0.593 | AU49: {=('1100'!B49) / 100} -> 0.597 | AV49: {=('1100'!C49) / 100} -> 0.62 | AW49: {=('1100'!D49) / 100} -> 0.554 | AX49: {=('1100'!E49) / 100} -> 0.572 | AY49: 62507097 | AZ49: 59481611 | BA49: 46624514 | BB49: 39300339 | BC49: 41558415 | BD49: 11915994 | BE49: 106763719 | BF49: 84109862 | BG49: 57251702 | BH49: 55970820 | BI49: 187342645 | BJ49: 183253899 | BK49: 144477979 | BL49: 107403133 | BM49: 110742348 | BN49: 111114234 | BO49: 109329518 | BP49: 89506645 | BQ49: 59551564 | BR49: 63347306
A50: Hexatronic Group AB | B50: 5561686360 | C50: SE0018040677 | D50: SWE | E50: Juridik, ekonomi & konsulttjänster | F50: =13.5% -> 0.135 | G50: =0.156 -> 0.156 | H50: 0.123 | I50: =0.127 -> 0.127 | J50: =0.156 -> 0.156 | K50: 0.085 | L50: 0.084 | M50: 0.022 | N50: 0.005 | O50: 0.018 | P50: -0.00255 | Q50: -0.00029762 | R50: 0 | S50: 0.0076779 | T50: 0.0346414 | U50: 0 | V50: 0 | W50: 0 | X50: 0 | Y50: 0 | Z50: 1935 | AA50: 1430 | AB50: 1022 | AC50: 678 | AD50: 588 | AE50: 1462000 | AF50: 1235500 | AG50: 489400 | AH50: 273481 | AI50: 196787 | AJ50: 2.7038304 | AK50: 2.3671388 | AL50: 4.0190029 | AM50: 2.8424607 | AN50: 3.0723574 | AO50: {=('1100'!G50) / 100} -> 0.1604 | AP50: {=('1100'!H50) / 100} -> 0.1649 | AQ50: {=('1100'!I50) / 100} -> 0.1017 | AR50: {=('1100'!J50) / 100} -> 0.0853 | AS50: {=('1100'!K50) / 100} -> 0.0579 | AT50: {=('1100'!A50) / 100} -> 0.39 | AU50: {=('1100'!B50) / 100} -> 0.375 | AV50: {=('1100'!C50) / 100} -> 0.348 | AW50: {=('1100'!D50) / 100} -> 0.333 | AX50: {=('1100'!E50) / 100} -> 0.383 | AY50: 8240000 | AZ50: 6630500 | BA50: 3524800 | BB50: 2095140 | BC50: 1856309 | BD50: 2042400 | BE50: 1064400 | BF50: 389489 | BG50: 257200 | BH50: 257200 | BI50: 8733000 | BJ50: 7388400 | BK50: 4715200 | BL50: 1953262 | BM50: 1497856 | BN50: 3402000 | BO50: 2768200 | BP50: 1642100 | BQ50: 649535 | BR50: 574400
A51: HEXPOL AB | B51: 5561089631 | C51: SE0007074281 | D51: SWE | E51: Bank, finans & försäkring | F51: 0.084 | G51: 0.11 | H51: 0.096 | I51: 0.092 | J51: 0.09 | K51: 0.085 | L51: 0.084 | M51: 0.022 | N51: 0.005 | O51: 0.018 | P51: -0.00255 | Q51: -0.00029762 | R51: 0 | S51: 0.0076779 | T51: 0.0346414 | U51: 0 | V51: 0 | W51: 0 | X51: 0 | Y51: 0 | Z51: 5054 | AA51: 5101 | AB51: 4688 | AC51: 4657 | AD51: 4844 | AE51: 4122000 | AF51: 3677000 | AG51: 3074000 | AH51: 2375000 | AI51: 2490000 | AJ51: 0.26855895 | AK51: 0.81452271 | AL51: 0.33409239 | AM51: 1.3987368 | AN51: 1.37751 | AO51: {=('1100'!G51) / 100} -> 0.1657 | AP51: {=('1100'!H51) / 100} -> 0.1521 | AQ51: {=('1100'!I51) / 100} -> 0.1941 | AR51: {=('1100'!J51) / 100} -> 0.1473 | AS51: {=('1100'!K51) / 100} -> 0.1333 | AT51: {=('1100'!A51) / 100} -> 0.648 | AU51: {=('1100'!B51) / 100} -> 0.585 | AV51: {=('1100'!C51) / 100} -> 0.649 | AW51: {=('1100'!D51) / 100} -> 0.606 | AX51: {=('1100'!E51) / 100} -> 0.56 | AY51: 22113000 | AZ51: 22308000 | BA51: 16683000 | BB51: 13445000 | BC51: 15530000 | BD51: 12501000 | BE51: 12678000 | BF51: 9724000 | BG51: 7927000 | BH51: 8723000 | BI51: 22507000 | BJ51: 23553000 | BK51: 17963000 | BL51: 15073000 | BM51: 17425000 | BN51: 14577000 | BO51: 13767000 | BP51: 11650000 | BQ51: 9133000 | BR51: 9756000
A52: Humana AB | B52: 5567608475 | C52: SE0008040653 | D52: SWE | E52: Företagstjänster | F52: 0.098 | G52: 0.093 | H52: 0.072 | I52: 0.078 | J52: 0.077 | K52: 0.085 | L52: 0.084 | M52: 0.022 | N52: 0.005 | O52: 0.018 | P52: -0.00255 | Q52: -0.00029762 | R52: 0 | S52: 0.0076779 | T52: 0.0346414 | U52: 0 | V52: 0 | W52: 0 | X52: 0 | Y52: 0 | Z52: 12046 | AA52: 12291 | AB52: 0 | AC52: 10592 | AD52: 10175 | AE52: 991000 | AF52: 896000 | AG52: 0 | AH52: 842000 | AI52: 696000 | AJ52: 4.7638749 | AK52: 5.640625 | AL52: - | AM52: 4.1888361 | AN52: 6.2471264 | AO52: {=('1100'!G52) / 100} -> 0.0498 | AP52: {=('1100'!H52) / 100} -> 0.0503 | AQ52: {=('1100'!I52) / 100} -> 0 | AR52: {=('1100'!J52) / 100} -> 0.0614 | AS52: {=('1100'!K52) / 100} -> 0.0665 | AT52: {=('1100'!A52) / 100} -> 0.288 | AU52: {=('1100'!B52) / 100} -> 0.279 | AV52: {=('1100'!C52) / 100} -> 0.293 | AW52: {=('1100'!D52) / 100} -> 0.293 | AX52: {=('1100'!E52) / 100} -> 0.277 | AY52: 9727000 | AZ52: 9241000 | BA52: 8176000 | BB52: 7797000 | BC52: 7467000 | BD52: 4402000 | BE52: 4409000 | BF52: 4148000 | BG52: 3815000 | BH52: 3897000 | BI52: 10029000 | BJ52: 9806000 | BK52: 9002000 | BL52: 8044000 | BM52: 8231000 | BN52: 2887000 | BO52: 2739000 | BP52: 2553000 | BQ52: 2354000 | BR52: 2284000
A53: Husqvarna AB | B53: 5560005331 | C53: SE0001662230 | D53: SWE | E53: Tillverkning & industri | F53: 0.11 | G53: 0.11 | H53: 0.1 | I53: 0.11 | J53: 0.11 | K53: 0.085 | L53: 0.084 | M53: 0.022 | N53: 0.005 | O53: 0.018 | P53: -0.00255 | Q53: -0.00029762 | R53: 0 | S53: 0.0076779 | T53: 0.0346414 | U53: 0 | V53: 0 | W53: 0 | X53: 0 | Y53: 0 | Z53: 13755 | AA53: 14416 | AB53: 13873 | AC53: 12374 | AD53: 12708 | AE53: 6985000 | AF53: 6384000 | AG53: 7986000 | AH53: 6206000 | AI53: 5740000 | AJ53: 1.7646385 | AK53: 1.6658835 | AL53: 0.9253694 | AM53: 2.0109571 | AN53: 2.3292683 | AO53: {=('1100'!G53) / 100} -> 0.08 | AP53: {=('1100'!H53) / 100} -> 0.0629 | AQ53: {=('1100'!I53) / 100} -> 0.1328 | AR53: {=('1100'!J53) / 100} -> 0.0884 | AS53: {=('1100'!K53) / 100} -> 0.0877 | AT53: {=('1100'!A53) / 100} -> 0.413 | AU53: {=('1100'!B53) / 100} -> 0.389 | AV53: {=('1100'!C53) / 100} -> 0.425 | AW53: {=('1100'!D53) / 100} -> 0.392 | AX53: {=('1100'!E53) / 100} -> 0.412 | AY53: 53290000 | AZ53: 54249000 | BA53: 47171000 | BB53: 41969000 | BC53: 42480000 | BD53: 9920000 | BE53: 10187000 | BF53: 9305000 | BG53: 6905000 | BH53: 7338000 | BI53: 57610000 | BJ53: 61636000 | BK53: 50920000 | BL53: 43518000 | BM53: 41981000 | BN53: 23770000 | BO53: 24002000 | BP53: 21633000 | BQ53: 17059000 | BR53: 17281000
A54: Indutrade Aktiebolag | B54: 5560179367 | C54: SE0001515552 | D54: SWE | E54: Företagstjänster | F54: 0.09 | G54: 0.09 | H54: 0.08 | I54: 0.08 | J54: 0.09 | K54: 0.085 | L54: 0.084 | M54: 0.022 | N54: 0.005 | O54: 0.018 | P54: -0.00255 | Q54: -0.00029762 | R54: 0 | S54: 0.0076779 | T54: 0.0346414 | U54: =351*1000 -> 351000 | V54: =72*1000 -> 72000 | W54: =55*1000 -> 55000 | X54: =141*1000 -> 141000 | Y54: 0 | Z54: 9262 | AA54: 8483 | AB54: 7715 | AC54: 7349 | AD54: 7167 | AE54: 5723000 | AF54: 4878000 | AG54: 3883000 | AH54: 3262000 | AI54: 2915000 | AJ54: 1.6935174 | AK54: 1.8825338 | AL54: 1.6713881 | AM54: 1.3645003 | AN54: 1.9451115 | AO54: {=('1100'!G54) / 100} -> 0.1328 | AP54: {=('1100'!H54) / 100} -> 0.1356 | AQ54: {=('1100'!I54) / 100} -> 0.1314 | AR54: {=('1100'!J54) / 100} -> 0.1189 | AS54: {=('1100'!K54) / 100} -> 0.1174 | AT54: {=('1100'!A54) / 100} -> 0.463 | AU54: {=('1100'!B54) / 100} -> 0.442 | AV54: {=('1100'!C54) / 100} -> 0.468 | AW54: {=('1100'!D54) / 100} -> 0.48 | AX54: {=('1100'!E54) / 100} -> 0.408 | AY54: 32500000 | AZ54: 27341000 | BA54: 21863000 | BB54: 19562000 | BC54: 18564000 | BD54: 8271000 | BE54: 7649000 | BF54: 5439000 | BG54: 4306000 | BH54: 4031000 | BI54: 31276000 | BJ54: 28862000 | BK54: 22000000 | BL54: 17962000 | BM54: 17544000 | BN54: 14475000 | BO54: 12759000 | BP54: 10292000 | BQ54: 8624000 | BR54: 7157000
A55: Investmentaktiebolaget Latour | B55: 5560263237 | C55: SE0010100958 | D55: SWE | E55: Bank, finans & försäkring | F55: 0.0967 | G55: 0.1043 | H55: 0.0849 | I55: 0.0971 | J55: 0.1 | K55: 0.085 | L55: 0.084 | M55: 0.022 | N55: 0.005 | O55: 0.018 | P55: -0.00255 | Q55: -0.00029762 | R55: 0 | S55: 0.0076779 | T55: 0.0346414 | U55: =115*1000 -> 115000 | V55: 0 | W55: 0 | X55: 0 | Y55: =56*1000 -> 56000 | Z55: 8448 | AA55: 8375 | AB55: 7684 | AC55: 6262 | AD55: 5873 | AE55: 4310000 | AF55: 3839000 | AG55: 3129000 | AH55: 2481000 | AI55: 2227000 | AJ55: 3.250116 | AK55: 3.8533472 | AL55: 3.7011825 | AM55: 3.9476018 | AN55: 4.2123934 | AO55: {=('1100'!G55) / 100} -> 0.2802 | AP55: {=('1100'!H55) / 100} -> 0.222 | AQ55: {=('1100'!I55) / 100} -> 0.2765 | AR55: {=('1100'!J55) / 100} -> 0.4036 | AS55: {=('1100'!K55) / 100} -> 0.4255 | AT55: {=('1100'!A55) / 100} -> 0.678 | AU55: {=('1100'!B55) / 100} -> 0.653 | AV55: {=('1100'!C55) / 100} -> 0.658 | AW55: {=('1100'!D55) / 100} -> 0.691 | AX55: {=('1100'!E55) / 100} -> 0.674 | AY55: 25804000 | AZ55: 22949000 | BA55: 18757000 | BB55: 15162000 | BC55: 13922000 | BD55: 14438000 | BE55: 14425000 | BF55: 12266000 | BG55: 10063000 | BH55: 9913000 | BI55: 60265000 | BJ55: 58156000 | BK55: 47937000 | BL55: 42087000 | BM55: 38602000 | BN55: 40843000 | BO55: 37969000 | BP55: 31553000 | BQ55: 29067000 | BR55: 26010000
A56: INVISIO AB | B56: 5566510987 | C56: SE0001200015 | D56: SWE | E56: Data, it & telekommunikation | F56: 0.125 | G56: 0.112 | H56: 0.108 | I56: 0.108 | J56: 0.103 | K56: 0.085 | L56: 0.084 | M56: 0.022 | N56: 0.005 | O56: 0.018 | P56: -0.00255 | Q56: -0.00029762 | R56: 0 | S56: 0.0076779 | T56: 0.0346414 | U56: 0 | V56: 0 | W56: 0 | X56: 0 | Y56: 0 | Z56: 216 | AA56: 199 | AB56: 180 | AC56: 115 | AD56: 92 | AE56: 276800 | AF56: 113000 | AG56: 69900 | AH56: 108100 | AI56: 142600 | AJ56: 0.097182081 | AK56: 1.0230088 | AL56: 2.1030043 | AM56: 0.37095282 | AN56: 0.19985975 | AO56: {=('1100'!G56) / 100} -> 0.2032 | AP56: {=('1100'!H56) / 100} -> 0.0894 | AQ56: {=('1100'!I56) / 100} -> 0.0438 | AR56: {=('1100'!J56) / 100} -> 0.1825 | AS56: {=('1100'!K56) / 100} -> 0.262 | AT56: {=('1100'!A56) / 100} -> 0.684 | AU56: {=('1100'!B56) / 100} -> 0.638 | AV56: {=('1100'!C56) / 100} -> 0.605 | AW56: {=('1100'!D56) / 100} -> 0.735 | AX56: {=('1100'!E56) / 100} -> 0.763 | AY56: 1238500 | AZ56: 775500 | BA56: 593000 | BB56: 532000 | BC56: 513800 | BD56: 58000 | BE56: 56200 | BF56: 54500 | BG56: 54500 | BH56: 0 | BI56: 1053000 | BJ56: 799900 | BK56: 690000 | BL56: 515800 | BM56: 479700 | BN56: 720400 | BO56: 510000 | BP56: 417500 | BQ56: 378900 | BR56: 366000
A57: Inwido AB (publ) | B57: 5566333828 | C57: SE0006220018 | D57: SWE | E57: Tillverkning & industri | F57: 0.093 | G57: 0.088 | H57: 0.081 | I57: 0.081 | J57: 0.08 | K57: 0.085 | L57: 0.084 | M57: 0.022 | N57: 0.005 | O57: 0.018 | P57: -0.00255 | Q57: -0.00029762 | R57: 0 | S57: 0.0076779 | T57: 0.0346414 | U57: 0 | V57: 0 | W57: 0 | X57: 0 | Y57: 0 | Z57: 4708 | AA57: 4854 | AB57: 4585 | AC57: 4345 | AD57: 4356 | AE57: 1209700 | AF57: 1261300 | AG57: 1151000 | AH57: 854700 | AI57: 773600 | AJ57: 1.8597173 | AK57: 1.6748593 | AL57: 1.5658558 | AM57: 2.6432666 | AN57: 3.083635 | AO57: {=('1100'!G57) / 100} -> 0.1167 | AP57: {=('1100'!H57) / 100} -> 0.1143 | AQ57: {=('1100'!I57) / 100} -> 0.1211 | AR57: {=('1100'!J57) / 100} -> 0.1042 | AS57: {=('1100'!K57) / 100} -> 0.0949 | AT57: {=('1100'!A57) / 100} -> 0.543 | AU57: {=('1100'!B57) / 100} -> 0.541 | AV57: {=('1100'!C57) / 100} -> 0.55 | AW57: {=('1100'!D57) / 100} -> 0.518 | AX57: {=('1100'!E57) / 100} -> 0.505 | AY57: 9020200 | AZ57: 9584400 | BA57: 7747100 | BB57: 6704900 | BC57: 6654300 | BD57: 5010000 | BE57: 4835000 | BF57: 4314800 | BG57: 4337000 | BH57: 4337000 | BI57: 9677200 | BJ57: 9785800 | BK57: 8437200 | BL57: 8016900 | BM57: 7470600 | BN57: 5253400 | BO57: 5289600 | BP57: 4642100 | BQ57: 4154900 | BR57: 3775600
A58: JM AB | B58: 5560452103 | C58: SE0000806994 | D58: SWE | E58: Bygg-, design- & inredningsverksamhet | F58: 0.08 | G58: 0.08 | H58: 0.08 | I58: 0.08 | J58: 0.08 | K58: 0.085 | L58: 0.084 | M58: 0.022 | N58: 0.005 | O58: 0.018 | P58: -0.00255 | Q58: -0.00029762 | R58: 0 | S58: 0.0076779 | T58: 0.0346414 | U58: 0 | V58: 0 | W58: 0 | X58: 0 | Y58: 0 | Z58: 2382 | AA58: 2472 | AB58: 2461 | AC58: 2600 | AD58: 2598 | AE58: 1514000 | AF58: 2025000 | AG58: 2232000 | AH58: 2025000 | AI58: 1991000 | AJ58: 10.758256 | AK58: 4.9501235 | AL58: 4.1433692 | AM58: 2.3738272 | AN58: 2.6675038 | AO58: {=('1100'!G58) / 100} -> 0.0966 | AP58: {=('1100'!H58) / 100} -> 0.1295 | AQ58: {=('1100'!I58) / 100} -> 0.1426 | AR58: {=('1100'!J58) / 100} -> 0.1242 | AS58: {=('1100'!K58) / 100} -> 0.1274 | AT58: {=('1100'!A58) / 100} -> 0.265 | AU58: {=('1100'!B58) / 100} -> 0.358 | AV58: {=('1100'!C58) / 100} -> 0.344 | AW58: {=('1100'!D58) / 100} -> 0.329 | AX58: {=('1100'!E58) / 100} -> 0.31 | AY58: 15969000 | AZ58: 15747000 | BA58: 15694000 | BB58: 16312000 | BC58: 15711000 | BD58: 217000 | BE58: 219000 | BF58: 180000 | BG58: 168000 | BH58: 186000 | BI58: 30073000 | BJ58: 24383000 | BK58: 24391000 | BL58: 23088000 | BM58: 22972000 | BN58: 7972000 | BO58: 8725000 | BP58: 8385000 | BQ58: 7598000 | BR58: 7126000
A59: Knowit Aktiebolag (publ) | B59: 5563910354 | C59: SE0000421273 | D59: SWE | E59: Företagstjänster | F59: 0.128 | G59: 0.114 | H59: 0.097 | I59: 0.092 | J59: 0.088 | K59: 0.085 | L59: 0.084 | M59: 0.022 | N59: 0.005 | O59: 0.018 | P59: -0.00255 | Q59: -0.00029762 | R59: 0 | S59: 0.0076779 | T59: 0.0346414 | U59: 0 | V59: 0 | W59: 0 | X59: 0 | Y59: 0 | Z59: 4115 | AA59: 3877 | AB59: 2980 | AC59: 2214 | AD59: 2213 | AE59: 674393 | AF59: 745268 | AG59: 562112 | AH59: 408660 | AI59: 392481 | AJ59: 1.7337072 | AK59: 2.112789 | AL59: 0.91100172 | AM59: 1.0114105 | AN59: 0.54180202 | AO59: {=('1100'!G59) / 100} -> 0.0544 | AP59: {=('1100'!H59) / 100} -> 0.0793 | AQ59: {=('1100'!I59) / 100} -> 0.0798 | AR59: {=('1100'!J59) / 100} -> 0.1001 | AS59: {=('1100'!K59) / 100} -> 0.0985 | AT59: {=('1100'!A59) / 100} -> 0.591 | AU59: {=('1100'!B59) / 100} -> 0.55 | AV59: {=('1100'!C59) / 100} -> 0.613 | AW59: {=('1100'!D59) / 100} -> 0.5 | AX59: {=('1100'!E59) / 100} -> 0.55 | AY59: 7113820 | AZ59: 6833746 | BA59: 4812474 | BB59: 3380682 | BC59: 3336100 | BD59: 3738439 | BE59: 3754554 | BF59: 3120541 | BG59: 1200646 | BH59: 957388 | BI59: 7026171 | BJ59: 7605553 | BK59: 6335396 | BL59: 3060557 | BM59: 2226194 | BN59: 4150954 | BO59: 4186450 | BP59: 3884639 | BQ59: 1530803 | BR59: 1225066
A60: L E Lundbergföretagen Aktiebolag (publ) | B60: 5560568817 | C60: SE0000108847 | D60: SWE | E60: Företagstjänster | F60: 0.08 | G60: 0.08 | H60: 0.08 | I60: 0.08 | J60: =0.08 -> 0.08 | K60: 0.085 | L60: 0.084 | M60: 0.022 | N60: 0.005 | O60: 0.018 | P60: -0.00255 | Q60: -0.00029762 | R60: 0 | S60: 0.0076779 | T60: 0.0346414 | U60: 0 | V60: 0 | W60: 0 | X60: 0 | Y60: 0 | Z60: 4204 | AA60: 4090 | AB60: 4073 | AC60: 3287 | AD60: 3217 | AE60: 11116000 | AF60: 9419000 | AG60: 18748000 | AH60: 5926000 | AI60: 24721000 | AJ60: 3.9399064 | AK60: 4.6528294 | AL60: 2.4606358 | AM60: 7.0894364 | AN60: 1.5445168 | AO60: {=('1100'!G60) / 100} -> 0.3417 | AP60: {=('1100'!H60) / 100} -> 0.2758 | AQ60: {=('1100'!I60) / 100} -> 0.703 | AR60: {=('1100'!J60) / 100} -> 0.2397 | AS60: {=('1100'!K60) / 100} -> 1.09 | AT60: {=('1100'!A60) / 100} -> 0.498 | AU60: {=('1100'!B60) / 100} -> 0.471 | AV60: {=('1100'!C60) / 100} -> 0.492 | AW60: {=('1100'!D60) / 100} -> 0.474 | AX60: {=('1100'!E60) / 100} -> 0.463 | AY60: 37244000 | AZ60: 32961000 | BA60: 37175000 | BB60: 21574000 | BC60: 41988000 | BD60: 441000 | BE60: 441000 | BF60: 441000 | BG60: 438000 | BH60: 830000 | BI60: 216104000 | BJ60: 211755000 | BK60: 202518000 | BL60: 180011000 | BM60: 175302000 | BN60: 107559000 | BO60: 99819000 | BP60: 99580000 | BQ60: 85252000 | BR60: 81196000
A61: Lifco AB (publ) | B61: 5564653185 | C61: SE0015949201 | D61: SWE | E61: Företagstjänster | F61: 0.125 | G61: 0.122 | H61: 0.095 | I61: 0.098 | J61: 0.092 | K61: 0.085 | L61: 0.084 | M61: 0.022 | N61: 0.005 | O61: 0.018 | P61: -0.00255 | Q61: -0.00029762 | R61: 0 | S61: 0.0076779 | T61: 0.0346414 | U61: 0 | V61: 0 | W61: 0 | X61: 0 | Y61: 0 | Z61: 6753 | AA61: 6495 | AB61: 5995 | AC61: 1536 | AD61: 5255 | AE61: 6236000 | AF61: 5104000 | AG61: 4080000 | AH61: 3033000 | AI61: 2714000 | AJ61: 0.92014112 | AK61: 1.3446317 | AL61: 1.5308824 | AM61: 1.4513683 | AN61: 2.0206338 | AO61: {=('1100'!G61) / 100} -> 0.1967 | AP61: {=('1100'!H61) / 100} -> 0.1844 | AQ61: {=('1100'!I61) / 100} -> 0.1799 | AR61: {=('1100'!J61) / 100} -> 0.1643 | AS61: {=('1100'!K61) / 100} -> 0.149 | AT61: {=('1100'!A61) / 100} -> 0.444 | AU61: {=('1100'!B61) / 100} -> 0.445 | AV61: {=('1100'!C61) / 100} -> 0.428 | AW61: {=('1100'!D61) / 100} -> 0.474 | AX61: {=('1100'!E61) / 100} -> 0.45 | AY61: 24630000 | AZ61: 21666000 | BA61: 17558000 | BB61: 13833000 | BC61: 13892000 | BD61: 13255000 | BE61: 11247000 | BF61: 9562000 | BG61: 7564000 | BH61: 7318000 | BI61: 34291000 | BJ61: 29771000 | BK61: 24876000 | BL61: 18262000 | BM61: 17578000 | BN61: 15212000 | BO61: 13238000 | BP61: 10645000 | BQ61: 8614000 | BR61: 7915000
A62: Lime Technologies AB (publ) | B62: 5569532616 | C62: SE0011870195 | D62: SWE | E62: Data, it & telekommunikation | F62: 0.116 | G62: 0.106 | H62: 0.085 | I62: 0.085 | J62: 0.085 | K62: 0.085 | L62: 0.084 | M62: 0.022 | N62: 0.005 | O62: 0.018 | P62: -0.00255 | Q62: -0.00029762 | R62: 0 | S62: 0.0076779 | T62: 0.0346414 | U62: 0 | V62: 0 | W62: 0 | X62: 0 | Y62: 0 | Z62: 397 | AA62: 352 | AB62: 297 | AC62: 244 | AD62: 223 | AE62: 180728 | AF62: 153795 | AG62: 132839 | AH62: 121559 | AI62: 83659 | AJ62: 0.9517175 | AK62: 1.3677948 | AL62: 2.2219604 | AM62: 0.94143585 | AN62: 1.1888261 | AO62: {=('1100'!G62) / 100} -> 0.2001 | AP62: {=('1100'!H62) / 100} -> 0.1871 | AQ62: {=('1100'!I62) / 100} -> 0.1888 | AR62: {=('1100'!J62) / 100} -> 0.2477 | AS62: {=('1100'!K62) / 100} -> 0.1815 | AT62: {=('1100'!A62) / 100} -> 0.38 | AU62: {=('1100'!B62) / 100} -> 0.309 | AV62: {=('1100'!C62) / 100} -> 0.203 | AW62: {=('1100'!D62) / 100} -> 0.304 | AX62: {=('1100'!E62) / 100} -> 0.219 | AY62: 608913 | AZ62: 518924 | BA62: 425064 | BB62: 358788 | BC62: 308723 | BD62: 242391 | BE62: 235240 | BF62: 222076 | BG62: 69763 | BH62: 69763 | BI62: 696933 | BJ62: 663931 | BK62: 665087 | BL62: 364351 | BM62: 313567 | BN62: 264680 | BO62: 205321 | BP62: 135066 | BQ62: 110840 | BR62: 68627
A63: Loomis AB | B63: 5566208095 | C63: SE0014504817 | D63: SWE | E63: Företagstjänster | F63: 0.076 | G63: 0.072 | H63: 0.083 | I63: 0.072 | J63: 0.061 | K63: 0.085 | L63: 0.084 | M63: 0.022 | N63: 0.005 | O63: 0.018 | P63: -0.00255 | Q63: -0.00029762 | R63: 0 | S63: 0.0076779 | T63: 0.0346414 | U63: =54*1000 -> 54000 | V63: 0 | W63: =52*1000 -> 52000 | X63: =46*1000 -> 46000 | Y63: 0 | Z63: 25043 | AA63: 24894 | AB63: 15754 | AC63: 23074 | AD63: 24895 | AE63: 5636000 | AF63: 4893000 | AG63: 3765000 | AH63: 3283000 | AI63: 4357000 | AJ63: 2.0503903 | AK63: 1.6157776 | AL63: 2.2698539 | AM63: 2.9451721 | AN63: 1.9983934 | AO63: {=('1100'!G63) / 100} -> 0.1012 | AP63: {=('1100'!H63) / 100} -> 0.1054 | AQ63: {=('1100'!I63) / 100} -> 0.0918 | AR63: {=('1100'!J63) / 100} -> 0.071 | AS63: {=('1100'!K63) / 100} -> 0.118 | AT63: {=('1100'!A63) / 100} -> 0.35 | AU63: {=('1100'!B63) / 100} -> 0.392 | AV63: {=('1100'!C63) / 100} -> 0.37 | AW63: {=('1100'!D63) / 100} -> 0.352 | AX63: {=('1100'!E63) / 100} -> 0.361 | AY63: 28707000 | AZ63: 25315000 | BA63: 19723000 | BB63: 18813000 | BC63: 21044000 | BD63: 9033000 | BE63: 8075000 | BF63: 7185000 | BG63: 6884000 | BH63: 7094000 | BI63: 36180000 | BJ63: 31780000 | BK63: 27228000 | BL63: 24896000 | BM63: 26563000 | BN63: 12678000 | BO63: 12465000 | BP63: 10063000 | BQ63: 8772000 | BR63: 9591000
A64: Mangold AB | B64: 5566285408 | C64: SE0001449380 | D64: SWE | E64: Bank, finans & försäkring | F64: 0.1 | G64: 0.102 | H64: 0.114 | I64: 0.126 | J64: 0.097 | K64: 0.085 | L64: 0.084 | M64: 0.022 | N64: 0.005 | O64: 0.018 | P64: -0.00255 | Q64: -0.00029762 | R64: 0 | S64: 0.0076779 | T64: 0.0346414 | U64: 0 | V64: 0 | W64: 0 | X64: 0 | Y64: 0 | Z64: 75 | AA64: 90 | AB64: 82 | AC64: 70 | AD64: 92 | AE64: 18546 | AF64: -2669 | AG64: 143570 | AH64: 46396 | AI64: 27177 | AJ64: 0 | AK64: 0 | AL64: 0 | AM64: 0 | AN64: 0 | AO64: {=('1100'!G64) / 100} -> -0.0409 | AP64: {=('1100'!H64) / 100} -> -0.082 | AQ64: {=('1100'!I64) / 100} -> 0.5071 | AR64: {=('1100'!J64) / 100} -> 0.2075 | AS64: {=('1100'!K64) / 100} -> 0.0974 | AT64: {=('1100'!A64) / 100} -> 0.211 | AU64: {=('1100'!B64) / 100} -> 0.25 | AV64: {=('1100'!C64) / 100} -> 0.226 | AW64: {=('1100'!D64) / 100} -> 0.208 | AX64: {=('1100'!E64) / 100} -> 0.181 | AY64: 242581 | AZ64: 267351 | BA64: 395395 | BB64: 200658 | BC64: 162232 | BD64: 27978 | BE64: 27978 | BF64: 27978 | BG64: 27978 | BH64: 34027 | BI64: 996018 | BJ64: 872461 | BK64: 1020968 | BL64: 603381 | BM64: 566195 | BN64: 210577 | BO64: 217711 | BP64: 230748 | BQ64: 125469 | BR64: 102397
A65: Medicover AB | B65: 5590739487 | C65: SE0009778848 | D65: SWE | E65: Företagstjänster | F65: 0.153 | G65: 0.115 | H65: 0.106 | I65: =0.051 -> 0.051 | J65: =0.074 -> 0.074 | K65: 0.085 | L65: 0.084 | M65: 0.022 | N65: 0.005 | O65: 0.018 | P65: -0.00255 | Q65: -0.00029762 | R65: 0 | S65: 0.0076779 | T65: 0.0346414 | U65: 0 | V65: 0 | W65: 0 | X65: 0 | Y65: 0 | Z65: 29994 | AA65: 28220 | AB65: 23900 | AC65: 19404 | AD65: 15193 | AE65: 2707424 | AF65: 2347811 | AG65: 2771681 | AH65: 1528224 | AI65: 1252571 | AJ65: 3.7303278 | AK65: 4.5731901 | AL65: 2.9378698 | AM65: 2.6080103 | AN65: 3.1351133 | AO65: {=('1100'!G65) / 100} -> 0.0429 | AP65: {=('1100'!H65) / 100} -> 0.0387 | AQ65: {=('1100'!I65) / 100} -> 0.119 | AR65: {=('1100'!J65) / 100} -> 0.0624 | AS65: {=('1100'!K65) / 100} -> 0.0561 | AT65: {=('1100'!A65) / 100} -> 0.256 | AU65: {=('1100'!B65) / 100} -> 0.259 | AV65: {=('1100'!C65) / 100} -> 0.307 | AW65: {=('1100'!D65) / 100} -> 0.403 | AX65: {=('1100'!E65) / 100} -> 0.311 | AY65: 19378054 | AZ65: 16796142 | BA65: 14118763 | BB65: 10012225 | BC65: 8821278 | BD65: 5736632 | BE65: 5515301 | BF65: 3810037 | BG65: 2901920 | BH65: 3061957 | BI65: 21540665 | BJ65: 20371801 | BK65: 17264580 | BL65: 11147104 | BM65: 10650513 | BN65: 5509164 | BO65: 5279518 | BP65: 5305555 | BQ65: 4495366 | BR65: 3315814
A66: MEKO AB | B66: 5563921971 | C66: SE0002110064 | D66: SWE | E66: Företagstjänster | F66: 0.113 | G66: 0.081 | H66: 0.088 | I66: 0.079 | J66: 0.096 | K66: 0.085 | L66: 0.084 | M66: 0.022 | N66: 0.005 | O66: 0.018 | P66: -0.00255 | Q66: -0.00029762 | R66: 0 | S66: 0.0076779 | T66: 0.0346414 | U66: 0 | V66: 0 | W66: 0 | X66: 0 | Y66: 0 | Z66: 6268 | AA66: 6068 | AB66: 5118 | AC66: 4912 | AD66: 4953 | AE66: 1859000 | AF66: 1631000 | AG66: 1700000 | AH66: 1574000 | AI66: 0 | AJ66: 2.9289941 | AK66: 3.6112814 | AL66: 2.6788235 | AM66: 2.9733164 | AN66: - | AO66: {=('1100'!G66) / 100} -> 0.0543 | AP66: {=('1100'!H66) / 100} -> 0.0552 | AQ66: {=('1100'!I66) / 100} -> 0.0734 | AR66: {=('1100'!J66) / 100} -> 0.065 | AS66: {=('1100'!K66) / 100} -> 0 | AT66: {=('1100'!A66) / 100} -> 0.376 | AU66: {=('1100'!B66) / 100} -> 0.368 | AV66: {=('1100'!C66) / 100} -> 0.391 | AW66: {=('1100'!D66) / 100} -> 0.371 | AX66: {=('1100'!E66) / 100} -> 0.334 | AY66: 17278000 | AZ66: 14391000 | BA66: 12552000 | BB66: 11764000 | BC66: 11842000 | BD66: 4106000 | BE66: 4135000 | BF66: 3761000 | BG66: 3679000 | BH66: 3770000 | BI66: 16040000 | BJ66: 15773000 | BK66: 13229000 | BL66: 12193000 | BM66: 12870000 | BN66: 6038000 | BO66: 5801000 | BP66: 5174000 | BQ66: 4529000 | BR66: 4303000
A67: Modern Times Group MTG AB | B67: 5563099158 | C67: SE0018012494 | D67: SWE | E67: Företagstjänster | F67: 0.109 | G67: 0.096 | H67: 0.092 | I67: 0.095 | J67: 0.12 | K67: 0.085 | L67: 0.084 | M67: 0.022 | N67: 0.005 | O67: 0.018 | P67: -0.00255 | Q67: -0.00029762 | R67: 0 | S67: 0.0076779 | T67: 0.0346414 | U67: 0 | V67: 0 | W67: 0 | X67: 0 | Y67: 0 | Z67: 1042 | AA67: 1075 | AB67: 1460 | AC67: 941 | AD67: 1000 | AE67: 1402000 | AF67: 1222000 | AG67: 662000 | AH67: 278000 | AI67: -205000 | AJ67: 0.93509272 | AK67: 1.601473 | AL67: 5.9410876 | AM67: 10.719424 | AN67: -5.0878049 | AO67: {=('1100'!G67) / 100} -> 0.1901 | AP67: {=('1100'!H67) / 100} -> 0.1746 | AQ67: {=('1100'!I67) / 100} -> 0.0356 | AR67: {=('1100'!J67) / 100} -> 0.0255 | AS67: {=('1100'!K67) / 100} -> -0.0934 | AT67: {=('1100'!A67) / 100} -> 0.784 | AU67: {=('1100'!B67) / 100} -> 0.742 | AV67: {=('1100'!C67) / 100} -> 0.459 | AW67: {=('1100'!D67) / 100} -> 0.356 | AX67: {=('1100'!E67) / 100} -> 0.578 | AY67: 5891000 | AZ67: 5581000 | BA67: 5343000 | BB67: 4030000 | BC67: 4278000 | BD67: 10418000 | BE67: 10285000 | BF67: 11032000 | BG67: 6078000 | BH67: 3961000 | BI67: 17500000 | BJ67: 18769000 | BK67: 17436000 | BL67: 10800000 | BM67: 8964000 | BN67: 13714000 | BO67: 13934000 | BP67: 8002000 | BQ67: 3841000 | BR67: 5179000
A68: Mycronic AB (publ) | B68: 5563512374 | C68: SE0000375115 | D68: SWE | E68: Tillverkning & industri | F68: 0.138 | G68: 0.1398 | H68: 0.1368 | I68: 0.1557 | J68: 0.152 | K68: 0.085 | L68: 0.084 | M68: 0.022 | N68: 0.005 | O68: 0.018 | P68: -0.00255 | Q68: -0.00029762 | R68: 0 | S68: 0.0076779 | T68: 0.0346414 | U68: 0 | V68: 0 | W68: 0 | X68: 0 | Y68: 0 | Z68: 2027 | AA68: 2002 | AB68: 1683 | AC68: 1506 | AD68: 1349 | AE68: 1499000 | AF68: 1147000 | AG68: 1254000 | AH68: 1113000 | AI68: 1306000 | AJ68: 0.33955971 | AK68: 0.50130776 | AL68: 0.45374801 | AM68: 0.41868823 | AN68: 0.36906585 | AO68: {=('1100'!G68) / 100} -> 0.2234 | AP68: {=('1100'!H68) / 100} -> 0.1764 | AQ68: {=('1100'!I68) / 100} -> 0.2287 | AR68: {=('1100'!J68) / 100} -> 0.2329 | AS68: {=('1100'!K68) / 100} -> 0.2631 | AT68: {=('1100'!A68) / 100} -> 0.629 | AU68: {=('1100'!B68) / 100} -> 0.635 | AV68: {=('1100'!C68) / 100} -> 0.645 | AW68: {=('1100'!D68) / 100} -> 0.632 | AX68: {=('1100'!E68) / 100} -> 0.619 | AY68: 5767000 | AZ68: 5252000 | BA68: 4720000 | BB68: 3937000 | BC68: 4377000 | BD68: 1803000 | BE68: 1866000 | BF68: 1740000 | BG68: 963000 | BH68: 1046000 | BI68: 8340000 | BJ68: 7340000 | BK68: 6136000 | BL68: 5319000 | BM68: 4800000 | BN68: 5247000 | BO68: 4663000 | BP68: 3956000 | BQ68: 3364000 | BR68: 2973000
A69: NCC Aktiebolag | B69: 5560345174 | C69: SE0000117970 | D69: SWE | E69: Företagstjänster | F69: 0.0853 | G69: 0.0805 | H69: 0.088 | I69: 0.083 | J69: 0.089 | K69: 0.085 | L69: 0.084 | M69: 0.022 | N69: 0.005 | O69: 0.018 | P69: -0.00255 | Q69: -0.00029762 | R69: 0 | S69: 0.0076779 | T69: 0.0346414 | U69: 0 | V69: 0 | W69: 0 | X69: 0 | Y69: 0 | Z69: 12243 | AA69: 12485 | AB69: 13002 | AC69: 14388 | AD69: 15273 | AE69: 3021000 | AF69: 2589000 | AG69: 3132000 | AH69: 2772000 | AI69: 2703000 | AJ69: 1.8920887 | AK69: 2.6149092 | AL69: 1.3406769 | AM69: 1.520202 | AN69: 1.3392527 | AO69: {=('1100'!G69) / 100} -> 0.0331 | AP69: {=('1100'!H69) / 100} -> 0.0256 | AQ69: {=('1100'!I69) / 100} -> 0.0345 | AR69: {=('1100'!J69) / 100} -> 0.0258 | AS69: {=('1100'!K69) / 100} -> 0.0228 | AT69: {=('1100'!A69) / 100} -> 0.229 | AU69: {=('1100'!B69) / 100} -> 0.243 | AV69: {=('1100'!C69) / 100} -> 0.199 | AW69: {=('1100'!D69) / 100} -> 0.139 | AX69: {=('1100'!E69) / 100} -> 0.102 | AY69: 57216000 | AZ69: 54541000 | BA69: 53589000 | BB69: 53943000 | BC69: 58273000 | BD69: 1913000 | BE69: 1943000 | BF69: 1852000 | BG69: 1800000 | BH69: 1893000 | BI69: 31950000 | BJ69: 29565000 | BK69: 29421000 | BL69: 28549000 | BM69: 29890000 | BN69: 7324000 | BO69: 7183000 | BP69: 5844000 | BQ69: 3972000 | BR69: 3044000
A70: New Wave Group AB | B70: 5563500916 | C70: SE0020356970 | D70: SWE | E70: Företagstjänster | F70: 0.108 | G70: 0.102 | H70: 0.102 | I70: 0.102 | J70: 0.102 | K70: 0.085 | L70: 0.084 | M70: 0.022 | N70: 0.005 | O70: 0.018 | P70: -0.00255 | Q70: -0.00029762 | R70: 0 | S70: 0.0076779 | T70: 0.0346414 | U70: =1.1*1000 -> 1100 | V70: =1*1000 -> 1000 | W70: =0.9*1000 -> 900 | X70: 0 | Y70: =11.4*1000 -> 11400 | Z70: 2450 | AA70: 2313 | AB70: 2060 | AC70: 2064 | AD70: 2579 | AE70: 1895000 | AF70: 1754300 | AG70: 1233200 | AH70: 775300 | AI70: 768100 | AJ70: 1.1582586 | AK70: 1.469304 | AL70: 1.0641421 | AM70: 2.6744486 | AN70: 3.8836089 | AO70: {=('1100'!G70) / 100} -> 0.1668 | AP70: {=('1100'!H70) / 100} -> 0.1706 | AQ70: {=('1100'!I70) / 100} -> 0.1502 | AR70: {=('1100'!J70) / 100} -> 0.0902 | AS70: {=('1100'!K70) / 100} -> 0.0788 | AT70: {=('1100'!A70) / 100} -> 0.601 | AU70: {=('1100'!B70) / 100} -> 0.538 | AV70: {=('1100'!C70) / 100} -> 0.596 | AW70: {=('1100'!D70) / 100} -> 0.533 | AX70: {=('1100'!E70) / 100} -> 0.447 | AY70: 9643600 | AZ70: 8967500 | BA70: 6830100 | BB70: 6245000 | BC70: 6981500 | BD70: 1095200 | BE70: 1118300 | BF70: 881600 | BG70: 829900 | BH70: 895600 | BI70: 10739300 | BJ70: 10943600 | BK70: 7660600 | BL70: 7216700 | BM70: 8394300 | BN70: 6459300 | BO70: 5889400 | BP70: 4566700 | BQ70: 3845000 | BR70: 3754300
A71: NIBE Industrier AB | B71: 5563748309 | C71: SE0015988019 | D71: SWE | E71: Företagstjänster | F71: 0.097 | G71: 0.0837 | H71: 0.0597 | I71: 0.058 | J71: 0.054 | K71: 0.085 | L71: 0.084 | M71: 0.022 | N71: 0.005 | O71: 0.018 | P71: -0.00255 | Q71: -0.00029762 | R71: 0 | S71: 0.0076779 | T71: 0.0346414 | U71: 0 | V71: 0 | W71: 0 | X71: 0 | Y71: 0 | Z71: 22462 | AA71: 21333 | AB71: 20455 | AC71: 10740 | AD71: 16994 | AE71: 7175000 | AF71: 6023000 | AG71: 4639000 | AH71: 6219000 | AI71: 3164000 | AJ71: 3.2891986 | AK71: 2.4517682 | AL71: 2.463462 | AM71: 1.8755427 | AN71: 4.3081542 | AO71: {=('1100'!G71) / 100} -> 0.1594 | AP71: {=('1100'!H71) / 100} -> 0.1572 | AQ71: {=('1100'!I71) / 100} -> 0.149 | AR71: {=('1100'!J71) / 100} -> 0.1523 | AS71: {=('1100'!K71) / 100} -> 0.1288 | AT71: {=('1100'!A71) / 100} -> 0.443 | AU71: {=('1100'!B71) / 100} -> 0.517 | AV71: {=('1100'!C71) / 100} -> 0.494 | AW71: {=('1100'!D71) / 100} -> 0.459 | AX71: {=('1100'!E71) / 100} -> 0.47 | AY71: 47473000 | AZ71: 40894000 | BA71: 31324000 | BB71: 27863000 | BC71: 25596000 | BD71: 22925000 | BE71: 17630000 | BF71: 15453000 | BG71: 14210000 | BH71: 14071000 | BI71: 68104000 | BJ71: 53994000 | BK71: 43394000 | BL71: 38337000 | BM71: 37229000 | BN71: 30160000 | BO71: 27935000 | BP71: 21438000 | BQ71: 17588000 | BR71: 17509000
A72: Nobia AB | B72: 5565282752 | C72: SE0000949331 | D72: SWE | E72: Företagstjänster | F72: 0.102 | G72: =0.101 -> 0.101 | H72: =0.081 -> 0.081 | I72: =0.091 -> 0.091 | J72: =0.096 -> 0.096 | K72: 0.085 | L72: 0.084 | M72: 0.022 | N72: 0.005 | O72: 0.018 | P72: -0.00255 | Q72: -0.00029762 | R72: 0 | S72: 0.0076779 | T72: 0.0346414 | U72: 0 | V72: 0 | W72: 0 | X72: 0 | Y72: 0 | Z72: 5571 | AA72: 6244 | AB72: 6041 | AC72: 5977 | AD72: 6161 | AE72: 697000 | AF72: 995000 | AG72: 1861000 | AH72: 1289000 | AI72: 1970000 | AJ72: 7.482066 | AK72: 3.6211055 | AL72: 1.0075228 | AM72: 1.6276183 | AN72: 2.2939086 | AO72: {=('1100'!G72) / 100} -> -0.0053 | AP72: {=('1100'!H72) / 100} -> 0.0307 | AQ72: {=('1100'!I72) / 100} -> 0.0843 | AR72: {=('1100'!J72) / 100} -> 0.0348 | AS72: {=('1100'!K72) / 100} -> 0.0813 | AT72: {=('1100'!A72) / 100} -> 0.318 | AU72: {=('1100'!B72) / 100} -> 0.369 | AV72: {=('1100'!C72) / 100} -> 0.463 | AW72: {=('1100'!D72) / 100} -> 0.4 | AX72: {=('1100'!E72) / 100} -> 0.394 | AY72: 14037000 | AZ72: 15662000 | BA72: 14253000 | BB72: 13444000 | BC72: 14362000 | BD72: 3247000 | BE72: 3232000 | BF72: 3014000 | BG72: 2830000 | BH72: 3042000 | BI72: 13615000 | BJ72: 12772000 | BK72: 10629000 | BL72: 10085000 | BM72: 10846000 | BN72: 4328000 | BO72: 4715000 | BP72: 4923000 | BQ72: 4034000 | BR72: 4277000
A73: Nolato Aktiebolag | B73: 5560804592 | C73: SE0015962477 | D73: SWE | E73: Företagstjänster | F73: 0.127 | G73: 0.121 | H73: 0.101 | I73: 0.0953 | J73: 0.085 | K73: 0.085 | L73: 0.084 | M73: 0.022 | N73: 0.005 | O73: 0.018 | P73: -0.00255 | Q73: -0.00029762 | R73: 0 | S73: 0.0076779 | T73: 0.0346414 | U73: 0 | V73: 0 | W73: 0 | X73: 0 | Y73: 0 | Z73: 5732 | AA73: 6627 | AB73: 8669 | AC73: 6721 | AD73: 5941 | AE73: 1243000 | AF73: 1409000 | AG73: 1816000 | AH73: 1436000 | AI73: 1275000 | AJ73: 1.4135157 | AK73: 1.4222853 | AL73: 1.1976872 | AM73: 0.84749304 | AN73: 0.74039216 | AO73: {=('1100'!G73) / 100} -> 0.0719 | AP73: {=('1100'!H73) / 100} -> 0.0864 | AQ73: {=('1100'!I73) / 100} -> 0.1263 | AR73: {=('1100'!J73) / 100} -> 0.1141 | AS73: {=('1100'!K73) / 100} -> 0.114 | AT73: {=('1100'!A73) / 100} -> 0.556 | AU73: {=('1100'!B73) / 100} -> 0.539 | AV73: {=('1100'!C73) / 100} -> 0.474 | AW73: {=('1100'!D73) / 100} -> 0.426 | AX73: {=('1100'!E73) / 100} -> 0.484 | AY73: 9556000 | AZ73: 10815000 | BA73: 11661000 | BB73: 9359000 | BC73: 7919000 | BD73: 2140000 | BE73: 2163000 | BF73: 1924000 | BG73: 781000 | BH73: 781000 | BI73: 9300000 | BJ73: 10007000 | BK73: 10055000 | BL73: 8684000 | BM73: 6134000 | BN73: 5171000 | BO73: 5392000 | BP73: 4768000 | BQ73: 3699000 | BR73: 2966000
A74: Nordnet AB (publ) | B74: 5590736681 | C74: SE0015192067 | D74: SWE | E74: Juridik, ekonomi & konsulttjänster | F74: 0.1353 | G74: 0.094 | H74: 0.094 | I74: 0.0864 | J74: 0.094 | K74: 0.085 | L74: 0.084 | M74: 0.022 | N74: 0.005 | O74: 0.018 | P74: -0.00255 | Q74: -0.00029762 | R74: 0 | S74: 0.0076779 | T74: 0.0346414 | U74: 0 | V74: 0 | W74: 0 | X74: 0 | Y74: 0 | Z74: 745 | AA74: 704 | AB74: 654 | AC74: 561 | AD74: 495 | AE74: 3339900 | AF74: 2206500 | AG74: 2613868 | AH74: 1604729 | AI74: 551752 | AJ74: 0 | AK74: 0 | AL74: 0 | AM74: 0 | AN74: 0 | AO74: {=('1100'!G74) / 100} -> 0.5479 | AP74: {=('1100'!H74) / 100} -> 0.4668 | AQ74: {=('1100'!I74) / 100} -> 0.5544 | AR74: {=('1100'!J74) / 100} -> 0.4259 | AS74: {=('1100'!K74) / 100} -> 0.2233 | AT74: {=('1100'!A74) / 100} -> 0.035 | AU74: {=('1100'!B74) / 100} -> 0.029 | AV74: {=('1100'!C74) / 100} -> 0.026 | AW74: {=('1100'!D74) / 100} -> 0.025 | AX74: {=('1100'!E74) / 100} -> 0.026 | AY74: 5818400 | AZ74: 4438500 | BA74: 4603278 | BB74: 3465175 | BC74: 2003062 | BD74: 414900 | BE74: 429000 | BF74: 422620 | BG74: 408314 | BH74: 429193 | BI74: 222249700 | BJ74: 206907800 | BK74: 232544159 | BL74: 167993051 | BM74: 115603323 | BN74: 7702400 | BO74: 6050100 | BP74: 5990101 | BQ74: 4211729 | BR74: 3057782
A75: OEM International Aktiebolag | B75: 5561846691 | C75: SE0017766843 | D75: SWE | E75: Företagstjänster | F75: 0.1 | G75: 0.09 | H75: 0.1 | I75: 0.1 | J75: 0.1 | K75: 0.085 | L75: 0.084 | M75: 0.022 | N75: 0.005 | O75: 0.018 | P75: -0.00255 | Q75: -0.00029762 | R75: 0 | S75: 0.0076779 | T75: 0.0346414 | U75: 0 | V75: 0 | W75: 0 | X75: 0 | Y75: 0 | Z75: 1045 | AA75: 968 | AB75: 886 | AC75: 894 | AD75: 887 | AE75: 874500 | AF75: 823700 | AG75: 647400 | AH75: 482500 | AI75: 443900 | AJ75: 0.36397942 | AK75: 0.65812796 | AL75: 0.26073525 | AM75: 0.35709845 | AN75: 0.52489299 | AO75: {=('1100'!G75) / 100} -> 0.1528 | AP75: {=('1100'!H75) / 100} -> 0.1564 | AQ75: {=('1100'!I75) / 100} -> 0.1534 | AR75: {=('1100'!J75) / 100} -> 0.1246 | AS75: {=('1100'!K75) / 100} -> 0.1128 | AT75: {=('1100'!A75) / 100} -> 0.679 | AU75: {=('1100'!B75) / 100} -> 0.567 | AV75: {=('1100'!C75) / 100} -> 0.669 | AW75: {=('1100'!D75) / 100} -> 0.686 | AX75: {=('1100'!E75) / 100} -> 0.618 | AY75: 5145300 | AZ75: 4733500 | BA75: 3777900 | BB75: 3298200 | BC75: 3297200 | BD75: 255000 | BE75: 228700 | BF75: 147100 | BG75: 145800 | BH75: 141000 | BI75: 2932000 | BJ75: 2804000 | BK75: 2053900 | BL75: 1991700 | BM75: 1724700 | BN75: 1991200 | BO75: 1589600 | BP75: 1373900 | BQ75: 1365900 | BR75: 1066500
A76: Peab AB | B76: 5560614330 | C76: SE0000106205 | D76: SWE | E76: Företagstjänster | F76: 0.083 | G76: 0.086 | H76: 0.078 | I76: 0.074 | J76: 0.082 | K76: 0.085 | L76: 0.084 | M76: 0.022 | N76: 0.005 | O76: 0.018 | P76: -0.00255 | Q76: -0.00029762 | R76: 0 | S76: 0.0076779 | T76: 0.0346414 | U76: =123*1000 -> 123000 | V76: =1*1000 -> 1000 | W76: =20*1000 -> 20000 | X76: =20*1000 -> 20000 | Y76: =15*1000 -> 15000 | Z76: 13808 | AA76: 15045 | AB76: 14907 | AC76: 15166 | AD76: 14309 | AE76: 4323000 | AF76: 4214000 | AG76: 4595000 | AH76: 5554000 | AI76: 3390000 | AJ76: 2.5031228 | AK76: 2.111533 | AL76: 1.3536453 | AM76: 1.2014764 | AN76: 1.7218289 | AO76: {=('1100'!G76) / 100} -> 0.0515 | AP76: {=('1100'!H76) / 100} -> 0.0429 | AQ76: {=('1100'!I76) / 100} -> 0.0521 | AR76: {=('1100'!J76) / 100} -> 0.0671 | AS76: {=('1100'!K76) / 100} -> 0.05 | AT76: {=('1100'!A76) / 100} -> 0.294 | AU76: {=('1100'!B76) / 100} -> 0.27 | AV76: {=('1100'!C76) / 100} -> 0.29 | AW76: {=('1100'!D76) / 100} -> 0.295 | AX76: {=('1100'!E76) / 100} -> 0.317 | AY76: 61957000 | AZ76: 62212000 | BA76: 59314000 | BB76: 61033000 | BC76: 54288000 | BD76: 3162000 | BE76: 3309000 | BF76: 3112000 | BG76: 3068000 | BH76: 1836000 | BI76: 49176000 | BJ76: 51011000 | BK76: 47170000 | BL76: 42164000 | BM76: 38729000 | BN76: 14453000 | BO76: 13768000 | BP76: 13681000 | BQ76: 12442000 | BR76: 12264000
A77: Proact IT Group AB | B77: 5564943446 | C77: SE0015961222 | D77: SWE | E77: Företagstjänster | F77: =0.108 -> 0.108 | G77: =0.108 -> 0.108 | H77: =0.102 -> 0.102 | I77: =0.102 -> 0.102 | J77: =0.097 -> 0.097 | K77: 0.085 | L77: 0.084 | M77: 0.022 | N77: 0.005 | O77: 0.018 | P77: -0.00255 | Q77: -0.00029762 | R77: 0 | S77: 0.0076779 | T77: 0.0346414 | U77: 0 | V77: 0 | W77: 0 | X77: 0 | Y77: 0 | Z77: 1154 | AA77: 1165 | AB77: 1027 | AC77: 973 | AD77: 834 | AE77: 320997 | AF77: 344863 | AG77: 232328 | AH77: 369644 | AI77: 166442 | AJ77: 3.7430132 | AK77: 4.179509 | AL77: 5.1061172 | AM77: 2.3082074 | AN77: 5.1717475 | AO77: {=('1100'!G77) / 100} -> 0.0533 | AP77: {=('1100'!H77) / 100} -> 0.0569 | AQ77: {=('1100'!I77) / 100} -> 0.0487 | AR77: {=('1100'!J77) / 100} -> 0.0519 | AS77: {=('1100'!K77) / 100} -> 0.0353 | AT77: {=('1100'!A77) / 100} -> 0.249 | AU77: {=('1100'!B77) / 100} -> 0.217 | AV77: {=('1100'!C77) / 100} -> 0.209 | AW77: {=('1100'!D77) / 100} -> 0.206 | AX77: {=('1100'!E77) / 100} -> 0.182 | AY77: 4847315 | AZ77: 4756823 | BA77: 3524953 | BB77: 3633134 | BC77: 3407864 | BD77: 983571 | BE77: 983637 | BF77: 820708 | BG77: 551670 | BH77: 516421 | BI77: 4044448 | BJ77: 4241872 | BK77: 3394972 | BL77: 2923936 | BM77: 2876710 | BN77: 1008604 | BO77: 919533 | BP77: 710611 | BQ77: 601949 | BR77: 524211
A78: SAAB Aktiebolag | B78: 5560360793 | C78: SE0021921269 | D78: SWE | E78: Tillverkning & industri | F78: 0.1 | G78: 0.1 | H78: 0.1 | I78: 0.1 | J78: 0.1 | K78: 0.085 | L78: 0.084 | M78: 0.022 | N78: 0.005 | O78: 0.018 | P78: -0.00255 | Q78: -0.00029762 | R78: 0 | S78: 0.0076779 | T78: 0.0346414 | U78: 0 | V78: 0 | W78: 0 | X78: 0 | Y78: 0 | Z78: 20479 | AA78: 18555 | AB78: 18045 | AC78: 17822 | AD78: 17174 | AE78: 6537000 | AF78: 4106000 | AG78: 2888701 | AH78: 2833000 | AI78: 3198000 | AJ78: 1.6268931 | AK78: 2.4887969 | AL78: 5.7042941 | AM78: 3.3911048 | AN78: 5.4740463 | AO78: {=('1100'!G78) / 100} -> 0.0979 | AP78: {=('1100'!H78) / 100} -> 0.0826 | AQ78: {=('1100'!I78) / 100} -> 0.0769 | AR78: {=('1100'!J78) / 100} -> 0.0436 | AS78: {=('1100'!K78) / 100} -> 0.0883 | AT78: {=('1100'!A78) / 100} -> 0.387 | AU78: {=('1100'!B78) / 100} -> 0.407 | AV78: {=('1100'!C78) / 100} -> 0.353 | AW78: {=('1100'!D78) / 100} -> 0.354 | AX78: {=('1100'!E78) / 100} -> 0.343 | AY78: 52200000 | AZ78: 42237000 | BA78: 39300000 | BB78: 36722000 | BC78: 35650000 | BD78: 5424000 | BE78: 5384000 | BF78: 5253000 | BG78: 5141000 | BH78: 5355000 | BI78: 82759000 | BJ78: 72365000 | BK78: 65039000 | BL78: 60568000 | BM78: 59858000 | BN78: 32035000 | BO78: 29486000 | BP78: 22976000 | BQ78: 21466000 | BR78: 20535000
A79: Sandvik Aktiebolag | B79: 5560003468 | C79: SE0000667891 | D79: SWE | E79: Tillverkning & industri | F79: 0.097 | G79: 0.094 | H79: 0.096 | I79: 0.094 | J79: 0.1 | K79: 0.085 | L79: 0.084 | M79: 0.022 | N79: 0.005 | O79: 0.018 | P79: -0.00255 | Q79: -0.00029762 | R79: 0 | S79: 0.0076779 | T79: 0.0346414 | U79: 0 | V79: =88*1000 -> 88000 | W79: 0 | X79: =304*1000 -> 304000 | Y79: =2776*1000 -> 2776000 | Z79: 40686 | AA79: 42318 | AB79: 4636 | AC79: 38666 | AD79: 41120 | AE79: 29567000 | AF79: 17361000 | AG79: 21030000 | AH79: 13297000 | AI79: 14898000 | AJ79: 1.3950688 | AK79: 1.5901158 | AL79: 1.6409891 | AM79: 1.0385801 | AN79: 0.19734193 | AO79: {=('1100'!G79) / 100} -> 0.1836 | AP79: {=('1100'!H79) / 100} -> 0.2084 | AQ79: {=('1100'!I79) / 100} -> 0.1971 | AR79: {=('1100'!J79) / 100} -> 0.1433 | AS79: {=('1100'!K79) / 100} -> 0.1344 | AT79: {=('1100'!A79) / 100} -> 0.503 | AU79: {=('1100'!B79) / 100} -> 0.496 | AV79: {=('1100'!C79) / 100} -> 0.496 | AW79: {=('1100'!D79) / 100} -> 0.546 | AX79: {=('1100'!E79) / 100} -> 0.514 | AY79: 127200000 | AZ79: 86631000 | BA79: 100209000 | BB79: 86883000 | BC79: 104431000 | BD79: 46656000 | BE79: 34278000 | BF79: 34278000 | BG79: 14913000 | BH79: 14380000 | BI79: 174210000 | BJ79: 155517000 | BK79: 155517000 | BL79: 119128000 | BM79: 120423000 | BN79: 87631000 | BO79: 77200000 | BP79: 77200000 | BQ79: 65081000 | BR79: 61844000
A80: Scandi Standard AB (publ) | B80: 5569210627 | C80: SE0005999760 | D80: SWE | E80: Juridik, ekonomi & konsulttjänster | F80: =0.111 -> 0.111 | G80: =0.1 -> 0.1 | H80: =0.086 -> 0.086 | I80: =0.061 -> 0.061 | J80: =0.091 -> 0.091 | K80: 0.085 | L80: 0.084 | M80: 0.022 | N80: 0.005 | O80: 0.018 | P80: -0.00255 | Q80: -0.00029762 | R80: 0 | S80: 0.0076779 | T80: 0.0346414 | U80: 0 | V80: 0 | W80: 0 | X80: 0 | Y80: 0 | Z80: 3204 | AA80: 3294 | AB80: 3215 | AC80: 3220 | AD80: 3266 | AE80: 881000 | AF80: 724000 | AG80: 600000 | AH80: 701000 | AI80: 749000 | AJ80: 1.9954597 | AK80: 3.0538674 | AL80: 4.165 | AM80: 3.6005706 | AN80: 3.5086782 | AO80: {=('1100'!G80) / 100} -> 0.0373 | AP80: {=('1100'!H80) / 100} -> 0.0242 | AQ80: {=('1100'!I80) / 100} -> 0.0222 | AR80: {=('1100'!J80) / 100} -> 0.0353 | AS80: {=('1100'!K80) / 100} -> 0.043 | AT80: {=('1100'!A80) / 100} -> 0.36 | AU80: {=('1100'!B80) / 100} -> 0.335 | AV80: {=('1100'!C80) / 100} -> 0.301 | AW80: {=('1100'!D80) / 100} -> 0.294 | AX80: {=('1100'!E80) / 100} -> 0.277 | AY80: 12954000 | AZ80: 12258000 | BA80: 10173000 | BB80: 9993000 | BC80: 9985000 | BD80: 950000 | BE80: 971000 | BF80: 921000 | BG80: 888000 | BH80: 940000 | BI80: 6652000 | BJ80: 6965000 | BK80: 6494000 | BL80: 6385000 | BM80: 6272000 | BN80: 2397000 | BO80: 2331000 | BP80: 1952000 | BQ80: 1875000 | BR80: 1739000
A81: SECTRA Aktiebolag | B81: 5560648304 | C81: SE0022419784 | D81: SWE | E81: Företagstjänster | F81: =0.106 -> 0.106 | G81: =0.109 -> 0.109 | H81: =0.104 -> 0.104 | I81: =0.101 -> 0.101 | J81: =0.106 -> 0.106 | K81: 0.085 | L81: 0.084 | M81: 0.022 | N81: 0.005 | O81: 0.018 | P81: -0.00255 | Q81: -0.00029762 | R81: 0 | S81: 0.0076779 | T81: 0.0346414 | U81: 0 | V81: 0 | W81: 0 | X81: =7.443*1000 -> 7443 | Y81: 0 | Z81: 1140 | AA81: 1015 | AB81: 908 | AC81: 828 | AD81: 780 | AE81: 621 944 | AF81: 547 592 | AG81: 464 602 | AH81: 428 995 | AI81: 375 022 | AJ81: 0.042 | AK81: 0.138 | AL81: 0.1 | AM81: 0.124 | AN81: 0.187 | AO81: {=('1100'!G81) / 100} -> 0.1876 | AP81: {=('1100'!H81) / 100} -> 0.2048 | AQ81: {=('1100'!I81) / 100} -> 0.2032 | AR81: {=('1100'!J81) / 100} -> 0.2188 | AS81: {=('1100'!K81) / 100} -> 0.1841 | AT81: {=('1100'!A81) / 100} -> 0.489 | AU81: {=('1100'!B81) / 100} -> 0.474 | AV81: {=('1100'!C81) / 100} -> 0.493 | AW81: {=('1100'!D81) / 100} -> 0.542 | AX81: {=('1100'!E81) / 100} -> 0.541 | AY81: 3040569 | AZ81: 2407993 | BA81: 1994708 | BB81: 1683841 | BC81: 1715482 | BD81: 49817 | BE81: 51664 | BF81: 49915 | BG81: 46280 | BH81: 49197 | BI81: 3210938 | BJ81: 2736667 | BK81: 2191911 | BL81: 1651952 | BM81: 1511847 | BN81: 1569591 | BO81: 1296669 | BP81: 1080737 | BQ81: 895623 | BR81: 817213
A82: Securitas AB | B82: 5563027241 | C82: SE0000163594 | D82: SWE | E82: Företagstjänster | F82: 0.077 | G82: 0.074 | H82: 0.063 | I82: 0.064 | J82: 0.065 | K82: 0.085 | L82: 0.084 | M82: 0.022 | N82: 0.005 | O82: 0.018 | P82: -0.00255 | Q82: -0.00029762 | R82: 0 | S82: 0.0076779 | T82: 0.0346414 | U82: 0 | V82: 0 | W82: 0 | X82: 0 | Y82: 0 | Z82: 279479 | AA82: 286840 | AB82: 282286 | AC82: 292877 | AD82: 302055 | AE82: 8204000 | AF82: 9604000 | AG82: 7399000 | AH82: 6519000 | AI82: 7886000 | AJ82: 4.661019 | AK82: 5.1372345 | AL82: 2.1233951 | AM82: 2.3296518 | AN82: 2.8748415 | AO82: {=('1100'!G82) / 100} -> 0.0347 | AP82: {=('1100'!H82) / 100} -> 0.0505 | AQ82: {=('1100'!I82) / 100} -> 0.0445 | AR82: {=('1100'!J82) / 100} -> 0.0361 | AS82: {=('1100'!K82) / 100} -> 0.0475 | AT82: {=('1100'!A82) / 100} -> 0.315 | AU82: {=('1100'!B82) / 100} -> 0.315 | AV82: {=('1100'!C82) / 100} -> 0.328 | AW82: {=('1100'!D82) / 100} -> 0.299 | AX82: {=('1100'!E82) / 100} -> 0.315 | AY82: 157374000 | AZ82: 133339000 | BA82: 107786000 | BB82: 108038000 | BC82: 110963000 | BD82: 50916000 | BE82: 51021 | BF82: 23373000 | BG82: 21414000 | BH82: 22157000 | BI82: 116392000 | BJ82: 115506000 | BK82: 63363000 | BL82: 59127000 | BM82: 62190000 | BN82: 36695000 | BO82: 36424000 | BP82: 20792000 | BQ82: 17697000 | BR82: 19569000
A83: Sinch AB (publ) | B83: 5568828908 | C83: SE0016101844 | D83: SWE | E83: Juridik, ekonomi & konsulttjänster | F83: 0.116 | G83: 0.1138 | H83: 0.0962 | I83: 0.0928 | J83: 0.1226 | K83: 0.085 | L83: 0.084 | M83: 0.022 | N83: 0.005 | O83: 0.018 | P83: -0.00255 | Q83: -0.00029762 | R83: 0 | S83: 0.0076779 | T83: 0.0346414 | U83: 0 | V83: =50970*100 -> 5097000 | W83: 0 | X83: 0 | Y83: 0 | Z83: 3643 | AA83: 3565 | AB83: 1944 | AC83: 858 | AD83: 457 | AE83: 3074000 | AF83: 2775000 | AG83: 830626 | AH83: 966559 | AI83: 555508 | AJ83: 3.7124268 | AK83: 6.0082883 | AL83: 8.809894 | AM83: 1.6418801 | AN83: 3.1989152 | AO83: {=('1100'!G83) / 100} -> 0.1313 | AP83: {=('1100'!H83) / 100} -> -0.0361 | AQ83: {=('1100'!I83) / 100} -> 0.1577 | AR83: {=('1100'!J83) / 100} -> 0.1454 | AS83: {=('1100'!K83) / 100} -> 0.0821 | AT83: {=('1100'!A83) / 100} -> 0.634 | AU83: {=('1100'!B83) / 100} -> 0.601 | AV83: {=('1100'!C83) / 100} -> 0.597 | AW83: {=('1100'!D83) / 100} -> 0.646 | AX83: {=('1100'!E83) / 100} -> 0.4 | AY83: 29607000 | AZ83: 28707000 | BA83: 16466955 | BB83: 8290484 | BC83: 5177244 | BD83: =25160000 -> 25160000 | BE83: 25838000 | BF83: 27142539 | BG83: 3298264 | BH83: 1753906 | BI83: 53134000 | BJ83: 57284000 | BK83: 57080508 | BL83: 11634399 | BM83: 4990927 | BN83: 33662000 | BO83: 34430000 | BP83: 34052661 | BQ83: 7511987 | BR83: 1997925
A84: Skanska AB | B84: 5560004615 | C84: SE0000113250 | D84: SWE | E84: Företagstjänster | F84: 0.1325 | G84: 0.125 | H84: 0.1025 | I84: 0.1125 | J84: 0.095 | K84: 0.085 | L84: 0.084 | M84: 0.022 | N84: 0.005 | O84: 0.018 | P84: -0.00255 | Q84: -0.00029762 | R84: 0 | S84: 0.0076779 | T84: 0.0346414 | U84: 0 | V84: =158*1000 -> 158000 | W84: =1*1000 -> 1000 | X84: =53*1000 -> 53000 | Y84: =547*1000 -> 547000 | Z84: 27256 | AA84: 28380 | AB84: 30051 | AC84: 32463 | AD84: 34756 | AE84: 7867000 | AF84: 12735000 | AG84: 10962000 | AH84: 15578000 | AI84: 7429754 | AJ84: 2.5837041 | AK84: 1.0895956 | AL84: 1.936143 | AM84: 1.1395558 | AN84: 2.4656267 | AO84: {=('1100'!G84) / 100} -> 0.0407 | AP84: {=('1100'!H84) / 100} -> 0.0668 | AQ84: {=('1100'!I84) / 100} -> 0.06 | AR84: {=('1100'!J84) / 100} -> 0.0808 | AS84: {=('1100'!K84) / 100} -> 0.0458 | AT84: {=('1100'!A84) / 100} -> 0.362 | AU84: {=('1100'!B84) / 100} -> 0.364 | AV84: {=('1100'!C84) / 100} -> 0.329 | AW84: {=('1100'!D84) / 100} -> 0.307 | AX84: {=('1100'!E84) / 100} -> 0.261 | AY84: 168539000 | AZ84: 165501000 | BA84: 144314000 | BB84: 164359000 | BC84: 173437000 | BD84: 3919000 | BE84: 4160000 | BF84: 3934000 | BG84: 3713000 | BH84: 4057000 | BI84: 155189000 | BJ84: 151593000 | BK84: 139039000 | BL84: 125631000 | BM84: 126018000 | BN84: 56202000 | BO84: 55111000 | BP84: 45683000 | BQ84: 38620000 | BR84: 32924000
A85: SkiStar Aktiebolag | B85: 5560936949 | C85: SE0012141687 | D85: SWE | E85: Kultur, nöje & fritid | F85: 0.08 | G85: 0.08 | H85: 0.08 | I85: 0.08 | J85: 0.08 | K85: 0.085 | L85: 0.084 | M85: 0.022 | N85: 0.005 | O85: 0.018 | P85: -0.00255 | Q85: -0.00029762 | R85: 0 | S85: 0.0076779 | T85: 0.0346414 | U85: 0 | V85: 0 | W85: 0 | X85: 0 | Y85: 0 | Z85: 1554 | AA85: 1514 | AB85: 1196 | AC85: 1166 | AD85: 1322 | AE85: 1078670 | AF85: 1313269 | AG85: 831827 | AH85: 767643 | AI85: 877167 | AJ85: 4.0078245 | AK85: 2.8017725 | AL85: 3.8765681 | AM85: 3.6766596 | AN85: 2.246668 | AO85: {=('1100'!G85) / 100} -> 0.1634 | AP85: {=('1100'!H85) / 100} -> 0.2403 | AQ85: {=('1100'!I85) / 100} -> 0.1194 | AR85: {=('1100'!J85) / 100} -> 0.1867 | AS85: {=('1100'!K85) / 100} -> 0.2441 | AT85: {=('1100'!A85) / 100} -> 0.398 | AU85: {=('1100'!B85) / 100} -> 0.421 | AV85: {=('1100'!C85) / 100} -> 0.401 | AW85: {=('1100'!D85) / 100} -> 0.417 | AX85: {=('1100'!E85) / 100} -> 0.503 | AY85: 4305944 | AZ85: 4198576 | BA85: 3056173 | BB85: 2409167 | BC85: 2694875 | BD85: 97475 | BE85: 102032 | BF85: 88319 | BG85: 89942 | BH85: 96151 | BI85: 8760992 | BJ85: 7973524 | BK85: 6873997 | BL85: 6023251 | BM85: 5065777 | BN85: 3482496 | BO85: 3357177 | BP85: 2758305 | BQ85: 2511019 | BR85: 2545644
A86: SSAB AB | B86: 5560163429 | C86: SE0000120669 | D86: SWE | E86: Företagstjänster | F86: 0.116 | G86: 0.116 | H86: 0.086 | I86: 0.077 | J86: 0.077 | K86: 0.085 | L86: 0.084 | M86: 0.022 | N86: 0.005 | O86: 0.018 | P86: -0.00255 | Q86: -0.00029762 | R86: 0 | S86: 0.0076779 | T86: 0.0346414 | U86: 0 | V86: 0 | W86: =33291*1000 -> 33291000 | X86: 0 | Y86: 0 | Z86: 15754 | AA86: 15799 | AB86: 15255 | AC86: 15121 | AD86: 15829 | AE86: 22794000 | AF86: -969000 | AG86: 22094000 | AH86: 3361000 | AI86: 5341090 | AJ86: 0.531675 | AK86: -12.028896 | AL86: 0.54793157 | AM86: 3.477834 | AN86: 2.3925828 | AO86: {=('1100'!G86) / 100} -> 0.1498 | AP86: {=('1100'!H86) / 100} -> -0.0083 | AQ86: {=('1100'!I86) / 100} -> 0.2183 | AR86: {=('1100'!J86) / 100} -> 0.0276 | AS86: {=('1100'!K86) / 100} -> 0.0322 | AT86: {=('1100'!A86) / 100} -> 0.629 | AU86: {=('1100'!B86) / 100} -> 0.612 | AV86: {=('1100'!C86) / 100} -> 0.656 | AW86: {=('1100'!D86) / 100} -> 0.609 | AX86: {=('1100'!E86) / 100} -> 0.642 | AY86: 120678000 | AZ86: 130334000 | BA86: 96853000 | BB86: 66165000 | BC86: 77770000 | BD86: 348000 | BE86: 349000 | BF86: 30375000 | BG86: 27872000 | BH86: 31279000 | BI86: 107839000 | BJ86: 109711000 | BK86: 112019000 | BL86: 88601000 | BM86: 93978000 | BN86: 67871000 | BO86: 67124000 | BP86: 73477000 | BQ86: 53987000 | BR86: 60314000
A87: Stillfront Group AB (publ) | B87: 5567213078 | C87: SE0015346135 | D87: SWE | E87: Data, it & telekommunikation | F87: =0.087 -> 0.087 | G87: =0.082 -> 0.082 | H87: =0.071 -> 0.071 | I87: =0.071 -> 0.071 | J87: =0.1 -> 0.1 | K87: 0.085 | L87: 0.084 | M87: 0.022 | N87: 0.005 | O87: 0.018 | P87: -0.00255 | Q87: -0.00029762 | R87: 0 | S87: 0.0076779 | T87: 0.0346414 | U87: 0 | V87: 0 | W87: 0 | X87: 0 | Y87: 0 | Z87: 1262 | AA87: 1516 | AB87: 1208 | AC87: 896 | AD87: 700 | AE87: 2414000 | AF87: 2544000 | AG87: 2020000 | AH87: 1553000 | AI87: 741000 | AJ87: 3.0157415 | AK87: 3.1175314 | AL87: 3.6455446 | AM87: 3.1216999 | AN87: 2.1524966 | AO87: {=('1100'!G87) / 100} -> 0.1186 | AP87: {=('1100'!H87) / 100} -> 0.1566 | AQ87: {=('1100'!I87) / 100} -> 0.1936 | AR87: {=('1100'!J87) / 100} -> 0.2518 | AS87: {=('1100'!K87) / 100} -> 0.3086 | AT87: {=('1100'!A87) / 100} -> 0.612 | AU87: {=('1100'!B87) / 100} -> 0.59 | AV87: {=('1100'!C87) / 100} -> 0.487 | AW87: {=('1100'!D87) / 100} -> 0.496 | AX87: {=('1100'!E87) / 100} -> 0.479 | AY87: 7584000 | AZ87: 7695000 | BA87: 5943000 | BB87: 4334000 | BC87: 2175000 | BD87: 15595000 | BE87: 16043000 | BF87: 12752000 | BG87: 7929000 | BH87: 2211000 | BI87: 22605000 | BJ87: 24126000 | BK87: 20049000 | BL87: 12367000 | BM87: 4052000 | BN87: 13837000 | BO87: 14235000 | BP87: 9773000 | BQ87: 6129000 | BR87: 1941000
A88: Storskogen Group AB (publ) | B88: 5592238694 | C88: SE0016797732 | D88: SWE | E88: Bank, finans & försäkring | F88: 0.1351 | G88: 0.1188 | H88: 0.085 | I88: =0.092 -> 0.092 | J88: =0.096 -> 0.096 | K88: 0.085 | L88: 0.084 | M88: 0.022 | N88: 0.005 | O88: 0.018 | P88: -0.00255 | Q88: -0.00029762 | R88: 0 | S88: 0.0076779 | T88: 0.0346414 | U88: 0 | V88: 0 | W88: 0 | X88: 0 | Y88: =28*1000 -> 28000 | Z88: 11654 | AA88: 11263 | AB88: 5760 | AC88: 3154 | AD88: 2222 | AE88: 4362000 | AF88: 4241000 | AG88: 2216000 | AH88: 1199000 | AI88: 650714 | AJ88: 3.52453 | AK88: 4.4001415 | AL88: 4.4963899 | AM88: 3.7773144 | AN88: 4.8336166 | AO88: {=('1100'!G88) / 100} -> 0.074 | AP88: {=('1100'!H88) / 100} -> 0.0902 | AQ88: {=('1100'!I88) / 100} -> 0.089 | AR88: {=('1100'!J88) / 100} -> 0.0874 | AS88: {=('1100'!K88) / 100} -> 0.0621 | AT88: {=('1100'!A88) / 100} -> 0.463 | AU88: {=('1100'!B88) / 100} -> 0.413 | AV88: {=('1100'!C88) / 100} -> 0.478 | AW88: {=('1100'!D88) / 100} -> 0.409 | AX88: {=('1100'!E88) / 100} -> 0.367 | AY88: 37092000 | AZ88: 35644000 | BA88: 18034000 | BB88: 9160000 | BC88: 6230870 | BD88: 18762000 | BE88: 18989000 | BF88: 12194000 | BG88: 4652000 | BH88: 2739701 | BI88: 44169000 | BJ88: 47482000 | BK88: 32223000 | BL88: 12002000 | BM88: 7922650 | BN88: 20435000 | BO88: 19595000 | BP88: 15395000 | BQ88: 4909000 | BR88: 2904540
A89: SWECO AB (publ) | B89: 5565429841 | C89: SE0014960373 | D89: SWE | E89: Företagstjänster | F89: 0.0943 | G89: 0.1078 | H89: 0.084 | I89: 0.0835 | J89: 0.0675 | K89: 0.085 | L89: 0.084 | M89: 0.022 | N89: 0.005 | O89: 0.018 | P89: -0.00255 | Q89: -0.00029762 | R89: 0 | S89: 0.0076779 | T89: 0.0346414 | U89: 0 | V89: 0 | W89: 0 | X89: 0 | Y89: 0 | Z89: 6276 | AA89: 18651 | AB89: 17802 | AC89: 5757 | AD89: 16412 | AE89: 3591000 | AF89: 3268000 | AG89: 2987000 | AH89: 2692000 | AI89: 2839000 | AJ89: 1.444166 | AK89: 1.1502448 | AL89: 1.4757282 | AM89: 2.1545319 | AN89: 2.1747094 | AO89: {=('1100'!G89) / 100} -> 0.0859 | AP89: {=('1100'!H89) / 100} -> 0.0929 | AQ89: {=('1100'!I89) / 100} -> 0.091 | AR89: {=('1100'!J89) / 100} -> 0.0822 | AS89: {=('1100'!K89) / 100} -> 0.0921 | AT89: {=('1100'!A89) / 100} -> 0.415 | AU89: {=('1100'!B89) / 100} -> 0.454 | AV89: {=('1100'!C89) / 100} -> 0.437 | AW89: {=('1100'!D89) / 100} -> 0.378 | AX89: {=('1100'!E89) / 100} -> 0.371 | AY89: 28562000 | AZ89: 24327000 | BA89: 21803000 | BB89: 20865000 | BC89: 20646000 | BD89: 10465000 | BE89: 9198000 | BF89: 8143000 | BG89: 7593000 | BH89: 7471000 | BI89: 25512000 | BJ89: 21916000 | BK89: 19657000 | BL89: 19948000 | BM89: 19303000 | BN89: 10590000 | BO89: 9939000 | BP89: 8595000 | BQ89: 7548000 | BR89: 7154000
A90: Swedish Orphan Biovitrum AB (publ) | B90: 5560389321 | C90: SE0000872095 | D90: SWE | E90: Partihandel | F90: 0.101 | G90: 0.101 | H90: 0.1 | I90: 0.1 | J90: 0.102 | K90: 0.085 | L90: 0.084 | M90: 0.022 | N90: 0.005 | O90: 0.018 | P90: -0.00255 | Q90: -0.00029762 | R90: 0 | S90: 0.0076779 | T90: 0.0346414 | U90: 0 | V90: 0 | W90: 0 | X90: 0 | Y90: 0 | Z90: 1772 | AA90: 1556 | AB90: 1559 | AC90: 1509 | AD90: 1335 | AE90: 7234000 | AF90: 6087000 | AG90: 5733000 | AH90: 6841000 | AI90: 6040000 | AJ90: 2.9119436 | AK90: 1.8258584 | AL90: 2.8716204 | AM90: 2.5776933 | AN90: 3.7761589 | AO90: {=('1100'!G90) / 100} -> 0.1861 | AP90: {=('1100'!H90) / 100} -> 0.2032 | AQ90: {=('1100'!I90) / 100} -> 0.2414 | AR90: {=('1100'!J90) / 100} -> 0.3158 | AS90: {=('1100'!K90) / 100} -> 0.3185 | AT90: {=('1100'!A90) / 100} -> 0.457 | AU90: {=('1100'!B90) / 100} -> 0.505 | AV90: {=('1100'!C90) / 100} -> 0.477 | AW90: {=('1100'!D90) / 100} -> 0.418 | AX90: {=('1100'!E90) / 100} -> 0.371 | AY90: 22132000 | AZ90: 18825000 | BA90: 15561000 | BB90: 15662000 | BC90: 14316000 | BD90: 9642000 | BE90: 7007000 | BF90: 6288000 | BG90: 5873000 | BH90: 6678000 | BI90: 74027000 | BJ90: 52496000 | BK90: 48661000 | BL90: 48283000 | BM90: 45658000 | BN90: 33867000 | BO90: 26525000 | BP90: 23203000 | BQ90: 20206000 | BR90: 16930000
A91: Tele2 AB | B91: 5564108917 | C91: SE0005190238 | D91: SWE | E91: Företagstjänster | F91: 0.08 | G91: 0.08 | H91: 0.07 | I91: 0.09 | J91: 0.11 | K91: 0.085 | L91: 0.084 | M91: 0.022 | N91: 0.005 | O91: 0.018 | P91: -0.00255 | Q91: -0.00029762 | R91: 0 | S91: 0.0076779 | T91: 0.0346414 | U91: 0 | V91: 0 | W91: 0 | X91: 0 | Y91: =465*1000 -> 465000 | Z91: 4120 | AA91: 4111 | AB91: 4144 | AC91: 4295 | AD91: 4695 | AE91: 11617000 | AF91: 12772000 | AG91: 11802000 | AH91: 2998000 | AI91: 9247000 | AJ91: 2.8862013 | AK91: 2.7340276 | AL91: 2.9855109 | AM91: 10.158439 | AN91: 3.665405 | AO91: {=('1100'!G91) / 100} -> 0.1938 | AP91: {=('1100'!H91) / 100} -> 0.2359 | AQ91: {=('1100'!I91) / 100} -> 0.1794 | AR91: {=('1100'!J91) / 100} -> 0.0009 | AS91: {=('1100'!K91) / 100} -> 0.1469 | AT91: {=('1100'!A91) / 100} -> 0.345 | AU91: {=('1100'!B91) / 100} -> 0.35 | AV91: {=('1100'!C91) / 100} -> 0.419 | AW91: {=('1100'!D91) / 100} -> 0.479 | AX91: {=('1100'!E91) / 100} -> 0.436 | AY91: 29486000 | AZ91: 30057000 | BA91: 27231000 | BB91: 29215000 | BC91: 27956000 | BD91: 29898000 | BE91: 29905000 | BF91: 29695000 | BG91: 29651000 | BH91: 29744000 | BI91: 66059000 | BJ91: 67656000 | BK91: 74251000 | BL91: 75411000 | BM91: 79784000 | BN91: 22779000 | BO91: 23683000 | BP91: 31142000 | BQ91: 32751000 | BR91: 34805000
A92: Telefonaktiebolaget LM Ericsson | B92: 5560160680 | C92: SE0000108656 | D92: SWE | E92: Företagstjänster | F92: 0.1143 | G92: 0.105 | H92: 0.0914 | I92: 0.0867 | J92: 8,10%% | K92: 0.085 | L92: 0.084 | M92: 0.022 | N92: 0.005 | O92: 0.018 | P92: -0.00255 | Q92: -0.00029762 | R92: 0 | S92: 0.0076779 | T92: 0.0346414 | U92: =31897*1000 -> 31897000 | V92: 0 | W92: =112*1000 -> 112000 | X92: 0 | Y92: 0 | Z92: 101644 | AA92: 101741 | AB92: 100757 | AC92: 98589 | AD92: 94503 | AE92: -10306000 | AF92: 37162000 | AG92: 37961000 | AH92: 35786000 | AI92: 16689000 | AJ92: -6.3363089 | AK92: 1.7936064 | AL92: 1.7871236 | AM92: 2.0128821 | AN92: 4.6549224 | AO92: {=('1100'!G92) / 100} -> -0.069 | AP92: {=('1100'!H92) / 100} -> 0.1043 | AQ92: {=('1100'!I92) / 100} -> 0.1401 | AR92: {=('1100'!J92) / 100} -> 0.1267 | AS92: {=('1100'!K92) / 100} -> 0.0465 | AT92: {=('1100'!A92) / 100} -> 0.332 | AU92: {=('1100'!B92) / 100} -> 0.386 | AV92: {=('1100'!C92) / 100} -> 0.356 | AW92: {=('1100'!D92) / 100} -> 0.319 | AX92: {=('1100'!E92) / 100} -> 0.299 | AY92: 264469000 | AZ92: 272794000 | BA92: 233840000 | BB92: 233669000 | BC92: 230303000 | BD92: 52944000 | BE92: 84570000 | BF92: 38204000 | BG92: 34945000 | BH92: 31200000 | BI92: 297036000 | BJ92: 349537000 | BK92: 305614000 | BL92: 271530000 | BM92: 276383000 | BN92: 98673000 | BO92: 134814000 | BP92: 108775000 | BQ92: 86674000 | BR92: 82559000
A93: Telia Company AB | B93: 5561034249 | C93: SE0000667925 | D93: SWE | E93: Företagstjänster | F93: 0.0606 | G93: 0.0665 | H93: 0.051 | I93: 0.0518 | J93: 0.0473 | K93: 0.085 | L93: 0.084 | M93: 0.022 | N93: 0.005 | O93: 0.018 | P93: -0.00255 | Q93: -0.00029762 | R93: 0 | S93: 0.0076779 | T93: 0.0346414 | U93: =3700*1000 -> 3700000 | V93: =19100*1000 -> 19100000 | W93: 0 | X93: =7835*1000 -> 7835000 | Y93: 0 | Z93: 18963 | AA93: 19202 | AB93: 19998 | AC93: 20505 | AD93: 20215 | AE93: 28497000 | AF93: 29519000 | AG93: 35269000 | AH93: 10114000 | AI93: 16770000 | AJ93: 3.9988069 | AK93: 3.7637115 | AL93: 2.9412799 | AM93: 10.72019 | AN93: 7.2349434 | AO93: {=('1100'!G93) / 100} -> 0.0692 | AP93: {=('1100'!H93) / 100} -> -0.0984 | AQ93: {=('1100'!I93) / 100} -> 0.177 | AR93: {=('1100'!J93) / 100} -> -0.1947 | AS93: {=('1100'!K93) / 100} -> 0.1486 | AT93: {=('1100'!A93) / 100} -> 0.236 | AU93: {=('1100'!B93) / 100} -> 0.288 | AV93: {=('1100'!C93) / 100} -> 0.341 | AW93: {=('1100'!D93) / 100} -> 0.277 | AX93: {=('1100'!E93) / 100} -> 0.345 | AY93: 89643000 | AZ93: 92001000 | BA93: 95918000 | BB93: 90271000 | BC93: 87670000 | BD93: 43777000 | BE93: 50583000 | BF93: 66302000 | BG93: 63313000 | BH93: 75696000 | BI93: 226468000 | BJ93: 222793000 | BK93: 237025000 | BL93: 226683000 | BM93: 264072000 | BN93: 53466000 | BO93: 64239000 | BP93: 80732000 | BQ93: 62836000 | BR93: 91046000
A94: Thule Group AB | B94: 5567706311 | C94: SE0006422390 | D94: SWE | E94: Tillverkning & industri | F94: 0.099 | G94: 0.089 | H94: 0.083 | I94: 0.098 | J94: 0.096 | K94: 0.085 | L94: 0.084 | M94: 0.022 | N94: 0.005 | O94: 0.018 | P94: -0.00255 | Q94: -0.00029762 | R94: 0 | S94: 0.0076779 | T94: 0.0346414 | U94: 0 | V94: 0 | W94: 0 | X94: 0 | Y94: 0 | Z94: 2559 | AA94: 2799 | AB94: 3303 | AC94: 2669 | AD94: 2422 | AE94: 1511000 | AF94: 1712000 | AG94: 2436000 | AH94: 1736000 | AI94: 1335000 | AJ94: 1.7485109 | AK94: 2.0636682 | AL94: 0.89244663 | AM94: 0.78859447 | AN94: 1.952809 | AO94: {=('1100'!G94) / 100} -> 0.1735 | AP94: {=('1100'!H94) / 100} -> 0.1714 | AQ94: {=('1100'!I94) / 100} -> 0.2267 | AR94: {=('1100'!J94) / 100} -> 0.2046 | AS94: {=('1100'!K94) / 100} -> 0.1712 | AT94: {=('1100'!A94) / 100} -> 0.625 | AU94: {=('1100'!B94) / 100} -> 0.561 | AV94: {=('1100'!C94) / 100} -> 0.571 | AW94: {=('1100'!D94) / 100} -> 0.622 | AX94: {=('1100'!E94) / 100} -> 0.523 | AY94: 9132000 | AZ94: 10138000 | BA94: 10401000 | BB94: 7828000 | BC94: 7038000 | BD94: 4857000 | BE94: 4963000 | BF94: 4518000 | BG94: 4256000 | BH94: 4620000 | BI94: 10966000 | BJ94: 11679000 | BK94: 10192000 | BL94: 8448000 | BM94: 8285000 | BN94: 6849000 | BO94: 6553000 | BP94: 5815000 | BQ94: 5253000 | BR94: 4330000
A95: Trelleborg Aktiebolag | B95: 5560063421 | C95: SE0000114837 | D95: SWE | E95: Företagstjänster | F95: 0.087 | G95: 0.087 | H95: 0.077 | I95: 0.077 | J95: 0.077 | K95: 0.085 | L95: 0.084 | M95: 0.022 | N95: 0.005 | O95: 0.018 | P95: -0.00255 | Q95: -0.00029762 | R95: 0 | S95: 0.0076779 | T95: 0.0346414 | U95: 0 | V95: 0 | W95: =12*1000 -> 12000 | X95: =3*1000 -> 3000 | Y95: =2327*1000 -> 2327000 | Z95: 15502 | AA95: 20973 | AB95: 19793 | AC95: 21470 | AD95: 22952 | AE95: 6732000 | AF95: 5876000 | AG95: 5957000 | AH95: 5752000 | AI95: 2116000 | AJ95: 1.3548723 | AK95: 1.8150102 | AL95: 1.9256337 | AM95: 2.174548 | AN95: 8.7778828 | AO95: {=('1100'!G95) / 100} -> 0.1616 | AP95: {=('1100'!H95) / 100} -> 0.1669 | AQ95: {=('1100'!I95) / 100} -> 0.1517 | AR95: {=('1100'!J95) / 100} -> 0.1225 | AS95: {=('1100'!K95) / 100} -> 0.0284 | AT95: {=('1100'!A95) / 100} -> 0.701 | AU95: {=('1100'!B95) / 100} -> 0.486 | AV95: {=('1100'!C95) / 100} -> 0.593 | AW95: {=('1100'!D95) / 100} -> 0.538 | AX95: {=('1100'!E95) / 100} -> 0.519 | AY95: 35078000 | AZ95: 30395000 | BA95: 34432000 | BB95: 33442000 | BC95: 37040000 | BD95: 20491000 | BE95: 20818000 | BF95: 18792000 | BG95: 17867000 | BH95: 19198000 | BI95: 59503000 | BJ95: 77066000 | BK95: 55640000 | BL95: 53764000 | BM95: 56341000 | BN95: 41722000 | BO95: 37482000 | BP95: 32990000 | BQ95: 28945000 | BR95: 29216000
A96: Troax Group AB (publ) | B96: 5569164030 | C96: SE0012729366 | D96: SWE | E96: Företagstjänster | F96: =0.085 -> 0.085 | G96: =0.085 -> 0.085 | H96: =0.085 -> 0.085 | I96: =0.085 -> 0.085 | J96: =0.085 -> 0.085 | K96: 0.085 | L96: 0.084 | M96: 0.022 | N96: 0.005 | O96: 0.018 | P96: -0.00255 | Q96: -0.00029762 | R96: 0 | S96: 0.0076779 | T96: 0.0346414 | U96: 0 | V96: 0 | W96: 0 | X96: 0 | Y96: 0 | Z96: 1141 | AA96: 1144 | AB96: 1104 | AC96: 803 | AD96: 720 | AE96: 690 938 | AF96: 680 576 | AG96: 629 327 | AH96: 395 011 | AI96: 410 277 | AJ96: 1.542 | AK96: 1.336 | AL96: 1.463 | AM96: 2.214 | AN96: 2.147 | AO96: {=('1100'!G96) / 100} -> 0.1887 | AP96: {=('1100'!H96) / 100} -> 0.1744 | AQ96: {=('1100'!I96) / 100} -> 0.2078 | AR96: {=('1100'!J96) / 100} -> 0.1885 | AS96: {=('1100'!K96) / 100} -> 0.1962 | AT96: {=('1100'!A96) / 100} -> 0.526 | AU96: {=('1100'!B96) / 100} -> 0.532 | AV96: {=('1100'!C96) / 100} -> 0.489 | AW96: {=('1100'!D96) / 100} -> 0.465 | AX96: {=('1100'!E96) / 100} -> 0.434 | AY96: 2943724 | AZ96: 3176208 | BA96: 2592106 | BB96: 1660837 | BC96: 1755543 | BD96: 1149645 | BE96: 964838 | BF96: 903287 | BG96: 883179 | BH96: 862362 | BI96: 3632442 | BJ96: 3237300 | BK96: 2986148 | BL96: 2461835 | BM96: 2302757 | BN96: 1911674 | BO96: 1722489 | BP96: 1461283 | BQ96: 1144251 | BR96: 999999
A97: VBG GROUP AB (publ) | B97: 5560690751 | C97: SE0000115107 | D97: SWE | E97: Företagstjänster | F97: =0.097 -> 0.097 | G97: =0.08 -> 0.08 | H97: =0.08 -> 0.08 | I97: =0.08 -> 0.08 | J97: =0.08 -> 0.08 | K97: 0.085 | L97: 0.084 | M97: 0.022 | N97: 0.005 | O97: 0.018 | P97: -0.00255 | Q97: -0.00029762 | R97: 0 | S97: 0.0076779 | T97: 0.0346414 | U97: 0 | V97: 0 | W97: 0 | X97: 0 | Y97: 0 | Z97: 1864 | AA97: 1731 | AB97: 1600 | AC97: 1483 | AD97: 1596 | AE97: 953023 | AF97: 663554 | AG97: 562432 | AH97: 462532 | AI97: 547855 | AJ97: 1.4366096 | AK97: 1.9176179 | AL97: 1.5442365 | AM97: 2.4986012 | AN97: 1.9964169 | AO97: {=('1100'!G97) / 100} -> 0.1498 | AP97: {=('1100'!H97) / 100} -> 0.117 | AQ97: {=('1100'!I97) / 100} -> 0.1275 | AR97: {=('1100'!J97) / 100} -> 0.1143 | AS97: {=('1100'!K97) / 100} -> 0.1177 | AT97: {=('1100'!A97) / 100} -> 0.614 | AU97: {=('1100'!B97) / 100} -> 0.608 | AV97: {=('1100'!C97) / 100} -> 0.587 | AW97: {=('1100'!D97) / 100} -> 0.587 | AX97: {=('1100'!E97) / 100} -> 0.578 | AY97: 5762035 | AZ97: 4654717 | BA97: 3620762 | BB97: 3155054 | BC97: 3734149 | BD97: 1291286 | BE97: 1226799 | BF97: 1169824 | BG97: 1102101 | BH97: 1143333 | BI97: 5984967 | BJ97: 5412016 | BK97: 4663542 | BL97: 4257250 | BM97: 4198643 | BN97: 3674079 | BO97: 3288280 | BP97: 4664542 | BQ97: 2500181 | BR97: 2427667
A98: Viaplay Group AB (publ) | B98: 5591246847 | C98: SE0012116390 | D98: SWE | E98: Företagstjänster | F98: =0.153 -> 0.153 | G98: 0.115 | H98: 0.106 | I98: 0.093 | J98: =0.088 -> 0.088 | K98: 0.085 | L98: 0.084 | M98: 0.022 | N98: 0.005 | O98: 0.018 | P98: -0.00255 | Q98: -0.00029762 | R98: 0 | S98: 0.0076779 | T98: 0.0346414 | U98: 0 | V98: 0 | W98: 0 | X98: =187*1000 -> 187000 | Y98: 0 | Z98: 1525 | AA98: 1586 | AB98: 1328 | AC98: 1379 | AD98: 1018 | AE98: -10110000 | AF98: 559000 | AG98: 769000 | AH98: 3377000 | AI98: 987000 | AJ98: -0.28417409 | AK98: 6.9749553 | AL98: 4.3055917 | AM98: 1.2611786 | AN98: 3.1225937 | AO98: {=('1100'!G98) / 100} -> -0.5495 | AP98: {=('1100'!H98) / 100} -> 0.0291 | AQ98: {=('1100'!I98) / 100} -> 0.0468 | AR98: {=('1100'!J98) / 100} -> 0.2658 | AS98: {=('1100'!K98) / 100} -> 0.0491 | AT98: {=('1100'!A98) / 100} -> -0.055 | AU98: {=('1100'!B98) / 100} -> 0.408 | AV98: {=('1100'!C98) / 100} -> 0.426 | AW98: {=('1100'!D98) / 100} -> 0.203 | AX98: {=('1100'!E98) / 100} -> 0.098 | AY98: 18852000 | AZ98: 16696000 | BA98: 12771000 | BB98: 12254000 | BC98: 15838000 | BD98: 1293000 | BE98: 1805000 | BF98: 1338000 | BG98: 1309000 | BH98: 2311000 | BI98: 19717000 | BJ98: 21863000 | BK98: 19527000 | BL98: 15949000 | BM98: 14697000 | BN98: -1090000 | BO98: 8911000 | BP98: 8323000 | BQ98: 3236000 | BR98: 1435000
A99: Vitrolife AB | B99: 5563543452 | C99: SE0011205202 | D99: SWE | E99: Bank, finans & försäkring | F99: 0.1 | G99: 0.09 | H99: 0.089 | I99: 0.093 | J99: 0.088 | K99: 0.085 | L99: 0.084 | M99: 0.022 | N99: 0.005 | O99: 0.018 | P99: -0.00255 | Q99: -0.00029762 | R99: 0 | S99: 0.0076779 | T99: 0.0346414 | U99: 0 | V99: 0 | W99: 0 | X99: 0 | Y99: 0 | Z99: 1084 | AA99: 1117 | AB99: 478 | AC99: 405 | AD99: 398 | AE99: 1117000 | AF99: 1050000 | AG99: 507956 | AH99: 454085 | AI99: 587335 | AJ99: 1.7385855 | AK99: 3.0066667 | AL99: 6.114817 | AM99: 0.16152923 | AN99: 0.16143257 | AO99: {=('1100'!G99) / 100} -> -1.0165 | AP99: {=('1100'!H99) / 100} -> 0.2028 | AQ99: {=('1100'!I99) / 100} -> 0.2801 | AR99: {=('1100'!J99) / 100} -> 0.3048 | AS99: {=('1100'!K99) / 100} -> 0.3347 | AT99: {=('1100'!A99) / 100} -> 0.779 | AU99: {=('1100'!B99) / 100} -> 0.814 | AV99: {=('1100'!C99) / 100} -> 0.789 | AW99: {=('1100'!D99) / 100} -> 0.873 | AX99: {=('1100'!E99) / 100} -> 0.839 | AY99: 3517000 | AZ99: 3255000 | BA99: 1690693 | BB99: 1257064 | BC99: 1480439 | BD99: 9591000 | BE99: 13874000 | BF99: 12994620 | BG99: 403239 | BH99: 425842 | BI99: 16329000 | BJ99: 20551000 | BK99: 19428796 | BL99: 2305089 | BM99: 2138687 | BN99: 12722000 | BO99: 16736000 | BP99: 15322175 | BQ99: 2012570 | BR99: 1794023
A100: Volati AB | B100: 5565554317 | C100: SE0009143662 | D100: SWE | E100: Juridik, ekonomi & konsulttjänster | F100: 0.095 | G100: 0.093 | H100: 0.097 | I100: 0.086 | J100: 0.086 | K100: 0.085 | L100: 0.084 | M100: 0.022 | N100: 0.005 | O100: 0.018 | P100: -0.00255 | Q100: -0.00029762 | R100: 0 | S100: 0.0076779 | T100: 0.0346414 | U100: 0 | V100: 0 | W100: 0 | X100: 0 | Y100: 0 | Z100: 1942 | AA100: 1901 | AB100: 1723 | AC100: 1771 | AD100: 2136 | AE100: 999000 | AF100: 956000 | AG100: 869000 | AH100: 437000 | AI100: 581000 | AJ100: 2.7517518 | AK100: 1.1276151 | AL100: 2.5201381 | AM100: 3.6750572 | AN100: 3.8192771 | AO100: {=('1100'!G100) / 100} -> 0.0881 | AP100: {=('1100'!H100) / 100} -> 0.0864 | AQ100: {=('1100'!I100) / 100} -> 0.1026 | AR100: {=('1100'!J100) / 100} -> 0.0678 | AS100: {=('1100'!K100) / 100} -> 0.0211 | AT100: {=('1100'!A100) / 100} -> 0.335 | AU100: {=('1100'!B100) / 100} -> 0.317 | AV100: {=('1100'!C100) / 100} -> 0.333 | AW100: {=('1100'!D100) / 100} -> 0.495 | AX100: {=('1100'!E100) / 100} -> 0.382 | AY100: 7811000 | AZ100: 7791000 | BA100: 6335000 | BB100: 6706000 | BC100: 6875000 | BD100: 1797000 | BE100: 1708000 | BF100: 1474000 | BG100: 1600000 | BH100: 2020000 | BI100: 6552000 | BJ100: 6686000 | BK100: 5623000 | BL100: 6506000 | BM100: 6156000 | BN100: 2197000 | BO100: 2119000 | BP100: 1872000 | BQ100: 3219000 | BR100: 2351000
...

Sheet 1100
A1: Sol_%_23 | B1: Sol_%_22 | C1: Sol_%_21 | D1: Sol_%_20 | E1: Sol_%_19 | G1: VM_%_23 | H1: VM_%_22 | I1: VM_%_21 | J1: VM_%_20 | K1: VM_%_19
A2: 56 | B2: 44.2 | C2: 43.4 | D2: 43.5 | E2: 45.1 | G2: =9.12 -> 9.12 | H2: 5.17 | I2: 5.95 | J2: 7.83 | K2: 7.6
A3: 35.9 | B3: 33.9 | C3: 31.6 | D3: 32.8 | E3: 35.5 | G3: 12.35 | H3: 11.65 | I3: 10.72 | J3: 8.84 | K3: 9.94
A4: 44.2 | B4: 43.5 | C4: 42.4 | D4: 42.8 | E4: 38.4 | G4: 8.56 | H4: 9.43 | I4: 8.78 | J4: 9.22 | K4: 7.35
A5: 9.4 | B5: 12.9 | C5: 17.3 | D5: 18.8 | E5: 21.1 | G5: -1.9 | H5: -0.07 | I5: 5.45 | J5: 5.05 | K5: 2.74
A6: 47.1 | B6: 46.8 | C6: 43.8 | D6: 37.9 | E6: 37.7 | G6: 11.26 | H6: 8.93 | I6: 13.27 | J6: 9.54 | K6: 11.26
A7: 26.4 | B7: 25.9 | C7: 27.3 | D7: 28.4 | E7: 27 | G7: 12.57 | H7: 9.87 | I7: 11.92 | J7: 8.21 | K7: 11.54
A8: 45 | B8: 43.5 | C8: 49.9 | D8: 47.5 | E8: 42.9 | G8: 15.28 | H8: 13.03 | I8: 15.94 | J8: 14.05 | K8: 16.35
A9: 50.8 | B9: 30.6 | C9: 65.1 | D9: 62.8 | E9: 57.4 | G9: 20.63 | H9: 14.94 | I9: 12.93 | J9: 7.61 | K9: 13.56
A10: 41.1 | B10: 40.7 | C10: 39.5 | D10: 38.9 | E10: 0 | G10: 8.15 | H10: 7.31 | I10: 5.07 | J10: 4.91 | K10: 0
A11: 27.5 | B11: 26.2 | C11: 27.2 | D11: 29.4 | E11: 29.2 | G11: 7.39 | H11: 6.67 | I11: 5.22 | J11: 6.48 | K11: 4.86
A12: 62.8 | B12: 55.5 | C12: 55.7 | D12: 56.4 | E12: 52.1 | G12: 9 | H12: 7.51 | I12: 8.57 | J12: 8.66 | K12: 6.87
A13: 46.7 | B13: 55.6 | C13: 53.5 | D13: 50.1 | E13: 50.1 | G13: 15.61 | H13: 15.41 | I13: 15.02 | J13: 14.23 | K13: 15.59
A14: 50.1 | B14: 46.4 | C14: 49.5 | D14: 46.9 | E14: 47.6 | G14: 21.74 | H14: 21.62 | I14: 21.46 | J14: 19.35 | K14: 21.26
... A30: 77.1 | B30: 72 | C30: 65.8 | D30: 64.3 | E30: 54.3 | G30: 25.76 | H30: 25.63 | I30: 29.38 | J30: 24.9 | K30: 28.71
A31: 58.5 | B31: 73.6 | C31: 79.1 | D31: 69.7 | E31: 55.9 | G31: =-168 -> -168 | H31: =-120 -> -120 | I31: -0.66 | J31: 6.43 | K31: =-1 -> -1
A32: 47.7 | B32: 48.4 | C32: 47.3 | D32: 45.1 | E32: 43.4 | G32: 10.4 | H32: 7.99 | I32: 10.04 | J32: 8.17 | K32: 11.23
A33: 50.7 | B33: 46.1 | C33: 38.6 | D33: 52.1 | E33: 53.6 | G33: 14.6 | H33: 17.11 | I33: 19.24 | J33: 18.51 | K33: 23.91
A34: 48 | B34: 46 | C34: 43.1 | D34: 43.1 | E34: 47.3 | G34: 10.26 | H34: 10.28 | I34: 13.33 | J34: 11.64 | K34: 12.81
A35: 49.5 | B35: 43.8 | C35: 41.1 | D35: 44 | E35: 41 | G35: 8.85 | H35: 4.87 | I35: 3.42 | J35: 1.6 | K35: 7.39
A36: 33.4 | B36: 32.1 | C36: 32.7 | D36: 31.6 | E36: 33.8 | G36: 2.02 | H36: 3.22 | I36: 3.64 | J36: 2.95 | K36: 3.91
A37: 24.5 | B37: 26.3 | C37: 27.8 | D37: 33.4 | E37: 30.2 | G37: 6.92 | H37: 6.07 | I37: 5.16 | J37: 5.19 | K37: 3.47
A38: 32.9 | B38: 32.9 | C38: 33.9 | D38: 33 | E38: 28.6 | G38: 8.96 | H38: 8.96 | I38: 11.7 | J38: 14.02 | K38: 11.78
A39: 58.5 | B39: 73.6 | C39: 79.1 | D39: 69.7 | E39: 55.9 | G39: =-168 -> -168 | H39: =-120 -> -120 | I39: -0.66 | J39: 6.43 | K39: =-1 -> -1
A40: 54.3 | B40: 53.4 | C40: 53.1 | D40: 54 | E40: 55.5 | G40: 22.44 | H40: 22.91 | I40: 23.11 | J40: 20.83 | K40: 20.37
A41: 65.2 | B41: 66.6 | C41: 75.6 | D41: 77.8 | E41: 75.7 | G41: 13.98 | H41: 25.65 | I41: 58.85 | J41: 54.36 | K41: 30.2
A42: 34.9 | B42: 32 | C42: 34.2 | D42: 35.1 | E42: 33.3 | G42: 10.57 | H42: 6.18 | I42: 10.94 | J42: 13.87 | K42: 11.21
A43: 55.2 | B43: 51.6 | C43: 49.2 | D43: 47 | E43: 41.7 | G43: 11.12 | H43: 10.58 | I43: 10.14 | J43: 5.25 | K43: 10.62
A44: 57.5 | B44: 55.6 | C44: 46.6 | D44: 42.5 | E44: 45.8 | G44: 11.57 | H44: 14.06 | I44: 17.67 | J44: 13.37 | K44: 9.22
A45: 56.3 | B45: 57.7 | C45: 55.5 | D45: 46.7 | E45: 45.8 | G45: 12.26 | H45: 13.31 | I45: 16.2 | J45: 16.07 | K45: 8.97
A46: 52.8 | B46: 46.8 | C46: 44 | D46: 43.7 | E46: 41.2 | G46: 7.22 | H46: 4.73 | I46: 4.66 | J46: 5.43 | K46: 7.07
A47: 26.2 | B47: 27.9 | C47: 33.4 | D47: 31.3 | E47: 47.4 | G47: 6.42 | H47: 3.28 | I47: 7.77 | J47: 1.79 | K47: 7.61
A48: 58.4 | B48: 68.4 | C48: 71.1 | D48: 56.9 | E48: 53.4 | G48: 44.93 | H48: 42.52 | I48: 30.79 | J48: 20.4 | K48: 23.57
A49: 59.3 | B49: 59.7 | C49: 62 | D49: 55.4 | E49: 57.2 | G49: 22.61 | H49: 25.1 | I49: 23.38 | J49: 21.07 | K49: 23
A50: 39 | B50: 37.5 | C50: 34.8 | D50: 33.3 | E50: 38.3 | G50: 16.04 | H50: 16.49 | I50: 10.17 | J50: 8.53 | K50: 5.79
A51: 64.8 | B51: 58.5 | C51: 64.9 | D51: 60.6 | E51: 56 | G51: 16.57 | H51: 15.21 | I51: 19.41 | J51: 14.73 | K51: 13.33
... A101: 43.9 | B101: 42.4 | C101: 38.4 | D101: 42.3 | E101: 38.4 | G101: 9.4 | H101: 10.57 | I101: 14.77 | J101: 12.57 | K101: 11.21

Sheet Kopia av Blad11
A1: {=Datainsamling!AO2:AS101 / 100} -> 0.000912 | B1: 0.000517 | C1: 0.000595 | D1: 0.000783 | E1: 0.00076
A2: 0.001235 | B2: 0.001165 | C2: 0.001072 | D2: 0.000884 | E2: 0.000994
A3: 0.000856 | B3: 0.000943 | C3: 0.000878 | D3: 0.000922 | E3: 0.000735
A4: -0.00019 | B4: -7e-06 | C4: 0.000545 | D4: 0.000505 | E4: 0.000274
A5: 0.001126 | B5: 0.000893 | C5: 0.001327 | D5: 0.000954 | E5: 0.001126
A6: 0.001257 | B6: 0.000987 | C6: 0.001192 | D6: 0.000821 | E6: 0.001154
A7: 0.001528 | B7: 0.001303 | C7: 0.001594 | D7: 0.001405 | E7: 0.001635
A8: 0.002063 | B8: 0.001494 | C8: 0.001293 | D8: 0.000761 | E8: 0.001356
A9: 0.000815 | B9: 0.000731 | C9: 0.000507 | D9: 0.000491 | E9: 0
A10: 0.000739 | B10: 0.000667 | C10: 0.000522 | D10: 0.000648 | E10: 0.000486
A11: 0.0009 | B11: 0.000751 | C11: 0.000857 | D11: 0.000866 | E11: 0.000687
A12: 0.001561 | B12: 0.001541 | C12: 0.001502 | D12: 0.001423 | E12: 0.001559
A13: 0.002174 | B13: 0.002162 | C13: 0.002146 | D13: 0.001935 | E13: 0.002126
... A100: 0.00094 | B100: 0.001057 | C100: 0.001477 | D100: 0.001257 | E100: 0.001121

Sheet Projektplanering
A1: Mål | B1: Startdatum | C1: Slutdatum | D1: v, 45 | E1: v, 46 | F1: v, 47 | G1: v, 48 | H1: v, 49 | I1: v, 50 | J1: v, 51 | K1: v, 52 (ledig) | L1: v, 1 | M1: v, 2 | N1: v, 3
A2: Rårapport
A3: Information om uppsatsförfattarna
A4: Övergripande om uppsatsen
A5: Närmare uppgifter om uppsatsen innehåll
A6: Inlämning
A8: Mål
A9: Planeringsrapport
A10: Bakgrundsbeskrivning
A11: Problem och syfte
A12: Litteraturöversikt
A13: Metod för datainsamling
A14: Tänkt disposition av rapporten
... A42: Opponering utförande
A43: Utförande av seminarie | C43: 45305
A44: Mål
A45: Slutinlämning
A47: Inlämning | C47: 45310
A48: Mål
A49: Eximination

Sheet Grafer
D5: Årtal | E5: Delta WACC | F5: Delta SR
D6: 2020 | E6: -0.0008031 | F6: 0.0022524
D7: 2021 | E7: -0.0004454 | F7: 0.0002976
D8: 2022 | E8: 0.0092465 | F8: 0.0076779
D9: 2023 | E9: 0.0053222 | F9: 0.0269635

Sheet Output
A1: FÖRETAG | B1: year | C1: WACC | D1: Inflation | E1: Nedskrivning av goodwill | F1: Vinstmarginal | G1: Omsättning | H1: Goodwill | I1: Totala Tillgångar | J1: Summa Eget kapital | K1: Eget kapital / goodwill | L1: Eget kapital / Totalt kapital | M1: GWN_binary
A2: AAK AB (publ) | B2: 19 | C2: 0.114 | D2: 3 | E2: 0 | F2: 7.6 | G2: 28703000 | H2: 2114000 | I2: 22919000 | J2: 10337000 | K2: =H2/J2 -> 0.20450808 | L2: =J2/I2 -> 0.45102317 | M2: 0
A3: AAK AB (publ) | B3: 20 | C3: 0.08 | D3: 0.5 | E3: 0 | F3: 8.23 | G3: 28298000 | H3: 2103000 | I3: 22278000 | J3: 9699000 | K3: =H3/J3 -> 0.21682648 | L3: =J3/I3 -> 0.43536224 | M3: 0
A4: AAK AB (publ) | B4: 21 | C4: 0.08 | D4: 3.4 | E4: 0 | F4: 6.35 | G4: 35994000 | H4: 2270000 | I4: 27166000 | J4: 11783000 | K4: =H4/J4 -> 0.19265043 | L4: =J4/I4 -> 0.43374071 | M4: 0
A5: AAK AB (publ) | B5: 22 | C5: 0.09 | D5: 14 | E5: 0 | F5: 5.17 | G5: 50775000 | H5: 2538000 | I5: 33990000 | J5: 15036000 | K5: =H5/J5 -> 0.16879489 | L5: =J5/I5 -> 0.4423654 | M5: 0
A6: AAK AB (publ) | B6: 23 | C6: 0.1 | D6: 14.1 | E6: 0 | F6: 9.12 | G6: 46201000 | H6: 2712000 | I6: 30551000 | J6: 17117000 | K6: =H6/J6 -> 0.15843898 | L6: =J6/I6 -> 0.56027626 | M6: 0
A7: AFRY AB | B7: 19 | C7: 0.095 | D7: 3 | E7: 0 | F7: 7.35 | G7: 19823000 | H7: 11768000 | I7: 24375000 | J7: 9367000 | K7: =H7/J7 -> 1.2563254 | L7: =J7/I7 -> 0.38428718 | M7: 0
A8: AFRY AB | B8: 20 | C8: 0.09 | D8: 0.5 | E8: 0 | F8: 9.22 | G8: 19194000 | H8: 11460000 | I8: 23610000 | J8: 10096000 | K8: =H8/J8 -> 1.135103 | L8: =J8/I8 -> 0.42761542 | M8: 0
A9: AFRY AB | B9: 21 | C9: 0.09 | D9: 3.4 | E9: 0 | F9: 9.18 | G9: 20167000 | H9: 12814000 | I9: 25913000 | J9: 10992000 | K9: =H9/J9 -> 1.1657569 | L9: =J9/I9 -> 0.42418863 | M9: 0
A10: AFRY AB | B10: 22 | C10: 0.11 | D10: 14 | E10: 0 | F10: 9.43 | G10: 23658000 | H10: 14431000 | I10: 27996000 | J10: 12176000 | K10: =H10/J10 -> 1.1852004 | L10: =J10/I10 -> 0.43491927 | M10: 0
A11: AFRY AB | B11: 23 | C11: 0.125 | D11: 14.1 | E11: 0 | F11: 8.56 | G11: 26986000 | H11: 14778000 | I11: 28172000 | J11: 12453000 | K11: =H11/J11 -> 1.186702 | L11: =J11/I11 -> 0.44203464 | M11: 0
A12: AQ Group AB | B12: 19 | C12: 0.0833 | D12: 3 | E12: 0 | F12: 7.27 | G12: 5188672 | H12: 353246 | I12: 3852305 | J12: 2007735 | K12: =H12/J12 -> 0.17594254 | L12: =J12/I12 -> 0.52117758 | M12: 0
A13: AQ Group AB | B13: 20 | C13: 0.0883 | D13: 0.5 | E13: 0 | F13: 9.06 | G13: 4953995 | H13: 330244 | I13: 3864463 | J13: 2181135 | K13: =H13/J13 -> 0.15140924 | L13: =J13/I13 -> 0.5644083 | M13: 0
... A16: AQ Group AB | B16: 23 | C16: 0.1 | D16: 14.1 | E16: 0 | F16: 9 | G16: 9072000 | H16: 393000 | I16: 5960000 | J16: 3743000 | K16: =H16/J16 -> 0.10499599 | L16: =J16/I16 -> 0.62802013 | M16: 0
A17: ASSA ABLOY AB | B17: 19 | C17: 0.08 | D17: 3 | E17: 0 | F17: 15.59 | G17: 94227000 | H17: 57662000 | I17: =1.181*(10^8) -> 118100000 | J17: 59143000 | K17: =H17/J17 -> 0.974959 | L17: =J17/I17 -> 0.50078747 | M17: 0
A18: ASSA ABLOY AB | B18: 20 | C18: 0.08 | D18: 0.5 | E18: 0 | F18: 14.23 | G18: 89321000 | H18: 58344000 | I18: =1.174*(10^8) -> 117400000 | J18: 58870000 | K18: =H18/J18 -> 0.99106506 | L18: =J18/I18 -> 0.50144804 | M18: 0
A19: ASSA ABLOY AB | B19: 21 | C19: 0.08 | D19: 3.4 | E19: 0 | F19: 15.02 | G19: 95026000 | H19: 62502000 | I19: =1.3*(10^8) -> 130000000 | J19: 69582000 | K19: =H19/J19 -> 0.89824955 | L19: =J19/I19 -> 0.53524615 | M19: 0
A20: ASSA ABLOY AB | B20: 22 | C20: 0.08 | D20: 14 | E20: 0 | F20: 15.41 | G20: 1,208e+08 | H20: 75873000 | I20: =1.54*(10^8) -> 154000000 | J20: 86014000 | K20: =H20/J20 -> 0.88210059 | L20: =J20/I20 -> 0.55853247 | M20: 0
A21: ASSA ABLOY AB | B21: 23 | C21: 0.085 | D21: 14.1 | E21: 0 | F21: 16.01 | G21: 1,443e+08 | H21: 92873000 | I21: =1.964*(10^8) -> 196400000 | J21: 91629000 | K21: =H21/J21 -> 1.0135765 | L21: =J21/I21 -> 0.46654277 | M21: 0
A22: Addtech AB | B22: 19 | C22: 0.11 | D22: 3 | E22: 0 | F22: 10.34 | G22: 11851000 | H22: 1997000 | I22: 8506000 | J22: 3018000 | K22: =H22/J22 -> 0.66169649 | L22: =J22/I22 -> 0.35480837 | M22: 0
A23: Addtech AB | B23: 20 | C23: 0.11 | D23: 0.5 | E23: 0 | F23: 9.24 | G23: 11416000 | H23: 2727000 | I23: 9806000 | J23: 3219000 | K23: =H23/J23 -> 0.8471575 | L23: =J23/I23 -> 0.32826841 | M23: 0
A24: Addtech AB | B24: 21 | C24: 0.13 | D24: 3.4 | E24: 0 | F24: 11.12 | G24: 14138000 | H24: 3306000 | I24: 12427000 | J24: 3931000 | K24: =H24/J24 -> 0.84100738 | L24: =J24/I24 -> 0.31632735 | M24: 0
A25: Addtech AB | B25: 22 | C25: 0.13 | D25: 14 | E25: 0 | F25: 12.05 | G25: 18834000 | H25: 3935000 | I25: 15271000 | J25: 5184000 | K25: =H25/J25 -> 0.75906636 | L25: =J25/I25 -> 0.33946696 | M25: 0
A26: Addtech AB | B26: 23 | C26: 0.13 | D26: 14.1 | E26: 0 | F26: 12.35 | G26: 20117000 | H26: 4716000 | I26: 16657000 | J26: 5974000 | K26: =H26/J26 -> 0.78942082 | L26: =J26/I26 -> 0.35864802 | M26: 0
A27: Aktiebolaget Electrolux | B27: 19 | C27: 0.083 | D27: 3 | E27: 0 | F27: 3.14 | G27: 1,200e+08 | H27: 7071000 | I27: =1.068*(10^8) -> 106800000 | J27: 22566000 | K27: =H27/J27 -> 0.31334751 | L27: =J27/I27 -> 0.21129213 | M27: 0
A28: Aktiebolaget Electrolux | B28: 20 | C28: 0.095 | D28: 0.5 | E28: 0 | F28: 5.05 | G28: 1,160e+08 | H28: 6369000 | I28: 99604000 | J28: 18702000 | K28: =H28/J28 -> 0.34055181 | L28: =J28/I28 -> 0.18776354 | M28: 0
A29: Aktiebolaget Electrolux | B29: 21 | C29: 0.095 | D29: 3.4 | E29: 0 | F29: 5.45 | G29: 1,256e+08 | H29: 6690000 | I29: =1.076*(10^8) -> 107600000 | J29: 18604000 | K29: =H29/J29 -> 0.35960009 | L29: =J29/I29 -> 0.17289963 | M29: 0
A30: Aktiebolaget Electrolux | B30: 22 | C30: 0.106 | D30: 14 | E30: 0 | F30: -0.07 | G30: 1,357e+08 | H30: 7081000 | I30: =1.271*(10^8) -> 1.271e+08 | J30: 16443000 | K30: =H30/J30 -> 0.43063918 | L30: =J30/I30 -> 0.12937057 | M30: 0
A31: Aktiebolaget Electrolux | B31: 23 | C31: 0.148 | D31: 14.1 | E31: 0 | F31: -1.9 | G31: 1,347e+08 | H31: 6579000 | I31: =1.201*(10^8) -> 120100000 | J31: 11268000 | K31: =H31/J31 -> 0.58386581 | L31: =J31/I31 -> 0.093821815 | M31: 0
A32: Aktiebolaget SKF | B32: 19 | C32: 0.1135 | D32: 3 | E32: 0 | F32: 11.26 | G32: 86285000 | H32: 11251000 | I32: 94108000 | J32: 35512000 | K32: =H32/J32 -> 0.31682248 | L32: =J32/I32 -> 0.37735368 | M32: 0
A33: Aktiebolaget SKF | B33: 20 | C33: 0.106 | D33: 0.5 | E33: 0 | F33: 9.54 | G33: 75185000 | H33: 10117000 | I33: 90557000 | J33: 34309000 | K33: =H33/J33 -> 0.29487889 | L33: =J33/I33 -> 0.37886635 | M33: 0
A34: Aktiebolaget SKF | B34: 21 | C34: 0.0945 | D34: 3.4 | E34: 0 | F34: 13.27 | G34: 82941000 | H34: 10924000 | I34: 99628000 | J34: 43645000 | K34: =H34/J34 -> 0.25029213 | L34: =J34/I34 -> 0.43807966 | M34: 0
A35: Aktiebolaget SKF | B35: 22 | C35: 0.106 | D35: 14 | E35: 0 | F35: 9.33 | G35: 98278000 | H35: 12351000 | I35: =1.109*(10^8) -> 110900000 | J35: 51927000 | K35: =H35/J35 -> 0.23785314 | L35: =J35/I35 -> 0.46823264 | M35: 0
A36: Aktiebolaget SKF | B36: 23 | C36: 0.13 | D36: 14.1 | E36: 0 | F36: 11.26 | G36: 1,066e+08 | H36: 11962000 | I36: =1.119*(10^8) -> 111900000 | J36: 52743000 | K36: =H36/J36 -> 0.22679787 | L36: =J36/I36 -> 0.47134048 | M36: 0
A37: Aktiebolaget Volvo | B37: 19 | C37: 0.1 | D37: 3 | E37: 0 | F37: 11.54 | G37: 4,341e+08 | H37: 24135000 | I37: =5.248*(10^8) -> 524800000 | J37: =1.417*(10^8) -> 141700000 | K37: =H37/J37 -> 0.17032463 | L37: =J37/I37 -> 0.27000762 | M37: 0
A38: Aktiebolaget Volvo | B38: 20 | C38: 0.1 | D38: 0.5 | E38: 0 | F38: 8.21 | G38: 3,402e+08 | H38: 22981000 | I38: =5.108*(10^8) -> 5.108e+08 | J38: =1.453*(10^8) -> 145300000 | K38: =H38/J38 -> 0.15816242 | L38: =J38/I38 -> 0.28445576 | M38: 0
A39: Aktiebolaget Volvo | B39: 21 | C39: 0.1 | D39: 3.4 | E39: 0 | F39: 12.32 | G39: 3,725e+08 | H39: 23924000 | I39: =5.159*(10^8) -> 515900000 | J39: =1.41*(10^8) -> 141000000 | K39: =H39/J39 -> 0.16967376 | L39: =J39/I39 -> 0.27330878 | M39: 0
A40: Aktiebolaget Volvo | B40: 22 | C40: 0.1 | D40: 14 | E40: 0 | F40: 10.27 | G40: 4,736e+08 | H40: 25636000 | I40: =6.291*(10^8) -> 629100000 | J40: =1.627*(10^8) -> 162700000 | K40: =H40/J40 -> 0.15756607 | L40: =J40/I40 -> 0.25862343 | M40: 0
A41: Aktiebolaget Volvo | B41: 23 | C41: 0.1 | D41: 14.1 | E41: 0 | F41: 12.57 | G41: 5,528e+08 | H41: 24861000 | I41: =6.741*(10^8) -> 674100000 | J41: =1.778*(10^8) -> 177800000 | K41: =H41/J41 -> 0.13982565 | L41: =J41/I41 -> 0.26375909 | M41: 0
A42: Alfa Laval AB | B42: 19 | C42: 0.0919 | D42: 3 | E42: 0 | F42: 16.35 | G42: 47711000 | H42: 21112000 | I42: 64396000 | J42: 27600000 | K42: =H42/J42 -> 0.76492754 | L42: =J42/I42 -> 0.42859805 | M42: 0
A43: Alfa Laval AB | B43: 20 | C43: 0.0969 | D43: 0.5 | E43: 360000 | F43: 14.05 | G43: 42309000 | H43: 19080000 | I43: 60860000 | J43: 28908000 | K43: =H43/J43 -> 0.66002491 | L43: =J43/I43 -> 0.47499178 | M43: 1
A44: Alfa Laval AB | B44: 21 | C44: 0.0911 | D44: 3.4 | E44: 0 | F44: 16.34 | G44: 41897000 | H44: 22480000 | I44: 64361000 | J44: 32096000 | K44: =H44/J44 -> 0.7003988 | L44: =J44/I44 -> 0.49868709 | M44: 0
A45: Alfa Laval AB | B45: 22 | C45: 0.0986 | D45: 14 | E45: 0 | F45: 13.03 | G45: 52955000 | H45: 26258000 | I45: 81249000 | J45: 35382000 | K45: =H45/J45 -> 0.74212877 | L45: =J45/I45 -> 0.43547613 | M45: 0
A46: Alfa Laval AB | B46: 23 | C46: 0.0997 | D46: 14.1 | E46: 0 | F46: 15.28 | G46: 64582000 | H46: 25069000 | I46: 82288000 | J46: 37033000 | K46: =H46/J46 -> 0.67693679 | L46: =J46/I46 -> 0.45004132 | M46: 0
A47: Alimak Group AB (publ) | B47: 19 | C47: 0.086 | D47: 3 | E47: 0 | F47: 13.56 | G47: 4587400 | H47: 2366700 | I47: 6416900 | J47: 3684200 | K47: =H47/J47 -> 0.64239184 | L47: =J47/I47 -> 0.57414016 | M47: 0
A48: Alimak Group AB (publ) | B48: 20 | C48: 0.091 | D48: 0.5 | E48: 0 | F48: 8.01 | G48: 3744400 | H48: 2260400 | I48: 5619400 | J48: 3527900 | K48: =H48/J48 -> 0.64072111 | L48: =J48/I48 -> 0.62780724 | M48: 0
A49: Alimak Group AB (publ) | B49: 21 | C49: 0.068 | D49: 3.4 | E49: 0 | F49: 13.33 | G49: 3744300 | H49: 2362000 | I49: 5901700 | J49: 3840400 | K49: =H49/J49 -> 0.6150401 | L49: =J49/I49 -> 0.65072776 | M49: 0
A50: Alimak Group AB (publ) | B50: 22 | C50: 0.093 | D50: 14 | E50: 0 | F50: 15.34 | G50: 4512000 | H50: 5950000 | I50: 14327000 | J50: 4377000 | K50: =H50/J50 -> 1.3593786 | L50: =J50/I50 -> 0.30550708 | M50: 0
A51: Alimak Group AB (publ) | B51: 23 | C51: 0.094 | D51: 14.1 | E51: 0 | F51: 21.03 | G51: 7166000 | H51: 5882000 | I51: 13683000 | J51: 6955000 | K51: =H51/J51 -> 0.8457225 | L51: =J51/I51 -> 0.50829496 | M51: 0
A52: Alligo AB | B52: 19 | C52: 0.114 | D52: 3 | E52: 0 | F52: 0 | G52: 6139000 | H52: 553000 | I52: 5940000 | J52: 2869000 | K52: =H52/J52 -> 0.19275009 | L52: =J52/I52 -> 0.48299663 | M52: 0
A53: Alligo AB | B53: 20 | C53: 0.11 | D53: 0.5 | E53: 0 | F53: 5.31 | G53: 6861000 | H53: 1603000 | I53: 7812000 | J53: 3037000 | K53: =H53/J53 -> 0.52782351 | L53: =J53/I53 -> 0.38876088 | M53: 0
... A61: Ambea AB ( publ ) | B61: 23 | C61: 0.135 | D61: 14.1 | E61: 0 | F61: 7.39 | G61: 13583000 | H61: 7006000 | I61: 17893000 | J61: 4920000 | K61: =H61/J61 -> 1.4239837 | L61: =J61/I61 -> 0.27496786 | M61: 0
A62: Atlas Copco Aktiebolag | B62: 19 | C62: 0.08 | D62: 3 | E62: 0 | F62: 21.26 | G62: 1,041e+08 | H62: 22757000 | I62: =1.117*(10^8) -> 111700000 | J62: 53231000 | K62: =H62/J62 -> 0.42751404 | L62: =J62/I62 -> 0.47655327 | M62: 0
A63: Atlas Copco Aktiebolag | B63: 20 | C63: 0.08 | D63: 0.5 | E63: 0 | F63: 19.35 | G63: 1,001e+08 | H63: 28873000 | I63: =1.134*(10^8) -> 1.134e+08 | J63: 53215000 | K63: =H63/J63 -> 0.54257258 | L63: =J63/I63 -> 0.46926808 | M63: 0
A64: Atlas Copco Aktiebolag | B64: 21 | C64: 0.08 | D64: 3.4 | E64: 0 | F64: 21.46 | G64: 1,117e+08 | H64: 32113000 | I64: =1.367*(10^8) -> 136700000 | J64: 67633000 | K64: =H64/J64 -> 0.47481259 | L64: =J64/I64 -> 0.49475494 | M64: 0
A65: Atlas Copco Aktiebolag | B65: 22 | C65: 0.08 | D65: 14 | E65: 0 | F65: 22.02 | G65: 1,419e+08 | H65: 44299000 | I65: =1.723*(10^8) -> 172300000 | J65: 79976000 | K65: =H65/J65 -> 0.55390367 | L65: =J65/I65 -> 0.46416715 | M65: 0
A66: Atlas Copco Aktiebolag | B66: 23 | C66: 0.08 | D66: 14.1 | E66: 0 | F66: 22.14 | G66: 1,732e+08 | H66: 45361000 | I66: =1.827*(10^8) -> 182700000 | J66: 91450000 | K66: =H66/J66 -> 0.49601968 | L66: =J66/I66 -> 0.50054735 | M66: 0
A67: Attendo | B67: 19 | C67: 0.0895 | D67: 3 | E67: 0 | F67: 6.07 | G67: 12045000 | H67: 7446000 | I67: 20270000 | J67: 5831000 | K67: =H67/J67 -> 1.2769679 | L67: =J67/I67 -> 0.2876665 | M67: 0
A68: Attendo | B68: 20 | C68: 0.1075 | D68: 0.5 | E68: 821000 | F68: −02,18,00 | G68: 12361000 | H68: 6644000 | I68: 20072000 | J68: 4849000 | K68: =H68/J68 -> 1.3701794 | L68: =J68/I68 -> 0.24158031 | M68: 1
A69: Attendo | B69: 21 | C69: 0.1035 | D69: 3.4 | E69: 0 | F69: 6.29 | G69: 12891000 | H69: 6878000 | I69: 21076000 | J69: 4932000 | K69: =H69/J69 -> 1.3945661 | L69: =J69/I69 -> 0.23401025 | M69: 0
A70: Attendo | B70: 22 | C70: 0.1035 | D70: 14 | E70: 0 | F70: 4.26 | G70: 14557000 | H70: 7204000 | I70: 22325000 | J70: 5001000 | K70: =H70/J70 -> 1.4405119 | L70: =J70/I70 -> 0.22400896 | M70: 0
A71: Attendo | B71: 23 | C71: 0.096 | D71: 14.1 | E71: 0 | F71: 7.44 | G71: 17327000 | H71: 7197000 | I71: 22893000 | J71: 5363000 | K71: =H71/J71 -> 1.3419728 | L71: =J71/I71 -> 0.23426375 | M71: 0
A72: Axfood AB | B72: 19 | C72: 0.068 | D72: 3 | E72: 0 | F72: 4.52 | G72: 51263000 | H72: 2767000 | I72: 17293000 | J72: 4020000 | K72: =H72/J72 -> 0.68830846 | L72: =J72/I72 -> 0.232464 | M72: 0
A73: Axfood AB | B73: 20 | C73: 0.068 | D73: 0.5 | E73: 0 | F73: 4.7 | G73: 54328000 | H73: 2769000 | I73: 18814000 | J73: 4331000 | K73: =H73/J73 -> 0.63934426 | L73: =J73/I73 -> 0.23020091 | M73: 0
A74: Axfood AB | B74: 21 | C74: 0.069 | D74: 3.4 | E74: 0 | F74: 5.09 | G74: 58679000 | H74: 3846000 | I74: 23731000 | J74: 4952000 | K74: =H74/J74 -> 0.7766559 | L74: =J74/I74 -> 0.2086722 | M74: 0
A75: Axfood AB | B75: 22 | C75: 0.072 | D75: 14 | E75: 0 | F75: 4.26 | G75: 74508000 | H75: 3526000 | I75: 28618000 | J75: 6609000 | K75: =H75/J75 -> 0.5335149 | L75: =J75/I75 -> 0.23093857 | M75: 0
A76: Axfood AB | B76: 23 | C76: 0.075 | D76: 14.1 | E76: 0 | F76: 4.22 | G76: 81854000 | H76: 3606000 | I76: 30018000 | J76: 6878000 | K76: =H76/J76 -> 0.52428031 | L76: =J76/I76 -> 0.22912919 | M76: 0
A77: BHG Group AB | B77: 19 | C77: 0.096 | D77: 3 | E77: 0 | F77: 5.07 | G77: 6212900 | H77: 2896700 | I77: 6018200 | J77: 2889700 | K77: =H77/J77 -> 1.0024224 | L77: =J77/I77 -> 0.48016018 | M77: 0
A78: BHG Group AB | B78: 20 | C78: 0.08 | D78: 0.5 | E78: 0 | F78: 7.37 | G78: 8973800 | H78: 4395100 | I78: 8629700 | J78: 2787200 | K78: =H78/J78 -> 1.5768872 | L78: =J78/I78 -> 0.32297762 | M78: 0
A79: BHG Group AB | B79: 21 | C79: 0.08 | D79: 3.4 | E79: 0 | F79: 6.17 | G79: 12681600 | H79: 6318700 | I79: 13612300 | J79: 5211900 | K79: =H79/J79 -> 1.2123602 | L79: =J79/I79 -> 0.38288166 | M79: 0
A80: BHG Group AB | B80: 22 | C80: 0.08 | D80: 14 | E80: 0 | F80: 0.8 | G80: 13450700 | H80: 6480900 | I80: 14281400 | J80: 7613900 | K80: =H80/J80 -> 0.85119321 | L80: =J80/I80 -> 0.53313401 | M80: 0
A81: BHG Group AB | B81: 23 | C81: 0.08 | D81: 14.1 | E81: 0 | F81: −11,41,00 | G81: 11810800 | H81: 5899700 | I81: 11423300 | J81: 6342600 | K81: =H81/J81 -> 0.93017059 | L81: =J81/I81 -> 0.5552336 | M81: 0
A82: BTS Group AB | B82: 19 | C82: 0.105 | D82: 3 | E82: 0 | F82: 12.16 | G82: 1865499 | H82: 535916 | I82: 1868812 | J82: 839677 | K82: =H82/J82 -> 0.63824066 | L82: =J82/I82 -> 0.44931058 | M82: 0
A83: BTS Group AB | B83: 20 | C83: 0.105 | D83: 0.5 | E83: 0 | F83: 4.5 | G83: 1464155 | H83: 548759 | I83: 1960087 | J83: 709857 | K83: =H83/J83 -> 0.7730557 | L83: =J83/I83 -> 0.36215586 | M83: 0
A84: BTS Group AB | B84: 21 | C84: 0.1 | D84: 3.4 | E84: 0 | F84: 16.37 | G84: 1966456 | H84: 830094 | I84: 2491837 | J84: 983250 | K84: =H84/J84 -> 0.84423494 | L84: =J84/I84 -> 0.39458841 | M84: 0
A85: BTS Group AB | B85: 22 | C85: 0.11 | D85: 14 | E85: 0 | F85: 12.1 | G85: 2529634 | H85: 908882 | I85: 2758519 | J85: 1213930 | K85: =H85/J85 -> 0.74871039 | L85: =J85/I85 -> 0.44006585 | M85: 0
A86: BTS Group AB | B86: 23 | C86: 0.113 | D86: 14.1 | E86: 0 | F86: 12 | G86: 2682892 | H86: 1103993 | I86: 2956421 | J86: 1300654 | K86: =H86/J86 -> 0.84879837 | L86: =J86/I86 -> 0.43994208 | M86: 0
A87: Beijer Ref AB (publ) | B87: 19 | C87: 0.0811 | D87: 3 | E87: 0 | F87: 8.38 | G87: 14845604 | H87: 1559618 | I87: 11078776 | J87: 4282238 | K87: =H87/J87 -> 0.36420629 | L87: =J87/I87 -> 0.38652627 | M87: 0
A88: Beijer Ref AB (publ) | B88: 20 | C88: 0.0826 | D88: 0.5 | E88: 0 | F88: 7.42 | G88: 14087258 | H88: 1563041 | I88: 11400519 | J88: 4412320 | K88: =H88/J88 -> 0.35424471 | L88: =J88/I88 -> 0.38702799 | M88: 0
A89: Beijer Ref AB (publ) | B89: 21 | C89: 0.0913 | D89: 3.4 | E89: 0 | F89: 8.14 | G89: 16952538 | H89: 2667506 | I89: 15299967 | J89: 5172655 | K89: =H89/J89 -> 0.51569378 | L89: =J89/I89 -> 0.33808276 | M89: 0
A90: Beijer Ref AB (publ) | B90: 22 | C90: 0.084 | D90: 14 | E90: 0 | F90: 9.12 | G90: 22783000 | H90: 4416000 | I90: 21864000 | J90: 6603000 | K90: =H90/J90 -> 0.66878692 | L90: =J90/I90 -> 0.30200329 | M90: 0
A91: Beijer Ref AB (publ) | B91: 23 | C91: 0.082 | D91: 14.1 | E91: 0 | F91: 10.44 | G91: 32267000 | H91: 11891000 | I91: 39170000 | J91: 21324000 | K91: =H91/J91 -> 0.55763459 | L91: =J91/I91 -> 0.54439622 | M91: 0
A92: Bergman & Beving Aktiebolag | B92: 19 | C92: 0.1 | D92: 3 | E92: 0 | F92: 5.28 | G92: 4087000 | H92: 1570000 | I92: 4757000 | J92: 1631000 | K92: =H92/J92 -> 0.96259963 | L92: =J92/I92 -> 0.34286315 | M92: 0
A93: Bergman & Beving Aktiebolag | B93: 20 | D93: 0.5 | E93: 0 | F93: 6.25 | G93: 4326000 | H93: 1609000 | I93: 4941000 | J93: 1701000 | K93: =H93/J93 -> 0.94591417 | L93: =J93/I93 -> 0.3442623 | M93: 0
A94: Bergman & Beving Aktiebolag | B94: 21 | D94: 3.4 | E94: 0 | F94: 6.58 | G94: 4586000 | H94: 1667000 | I94: 5295000 | J94: 1915000 | K94: =H94/J94 -> 0.87049608 | L94: =J94/I94 -> 0.36166195 | M94: 0
A95: Bergman & Beving Aktiebolag | B95: 22 | C95: 0.1 | D95: 14 | E95: 0 | F95: 7.33 | G95: 4793000 | H95: 1815000 | I95: 5749000 | J95: 2181000 | K95: =H95/J95 -> 0.83218707 | L95: =J95/I95 -> 0.37937033 | M95: 0
A96: Bergman & Beving Aktiebolag | B96: 23 | C96: 0.1 | D96: 14.1 | E96: 0 | F96: 8.24 | G96: 4762000 | H96: 2018000 | I96: 6062000 | J96: 2108000 | K96: =H96/J96 -> 0.9573055 | L96: =J96/I96 -> 0.34774002 | M96: 0
A97: Bilia AB | B97: 19 | C97: 0.0522 | D97: 3 | E97: 13000 | F97: 4.39 | G97: 29532000 | H97: 847000 | I97: 16081000 | J97: 3186000 | K97: =H97/J97 -> 0.2658506 | L97: =J97/I97 -> 0.19812201 | M97: 1
A98: Bilia AB | B98: 20 | C98: 0.0535 | D98: 0.5 | E98: 0 | F98: 5.08 | G98: 30187000 | H98: 812000 | I98: 16416000 | J98: 3968000 | K98: =H98/J98 -> 0.2046371 | L98: =J98/I98 -> 0.2417154 | M98: 0
A99: Bilia AB | B99: 21 | C99: 0.0627 | D99: 3.4 | E99: 35000 | F99: 5.59 | G99: 35548000 | H99: 1175000 | I99: 17200000 | J99: 4417000 | K99: =H99/J99 -> 0.26601766 | L99: =J99/I99 -> 0.25680233 | M99: 1
A100: Bilia AB | B100: 22 | C100: 0.0898 | D100: 14 | E100: 0 | F100: 6.21 | G100: 35760000 | H100: 1520000 | I100: 20001000 | J100: 4887000 | K100: =H100/J100 -> 0.31102926 | L100: =J100/I100 -> 0.24433778 | M100: 0
A101: Bilia AB | B101: 23 | C101: 0.1121 | D101: 14.1 | E101: 0 | F101: 4.34 | G101: 38560000 | H101: 1496000 | I101: 19395000 | J101: 4841000 | K101: =H101/J101 -> 0.30902706 | L101: =J101/I101 -> 0.24960041 | M101: 0
A102: Billerud Aktiebolag (publ) | B102: 19 | C102: 0.11 | D102: 3 | E102: 0 | F102: 5.9 | G102: 24614000 | H102: 2011000 | I102: 36924000 | J102: 19462000 | K102: =H102/J102 -> 0.10332957 | L102: =J102/I102 -> 0.52708266 | M102: 0
A103: Billerud Aktiebolag (publ) | B103: 20 | C103: 0.11 | D103: 0.5 | E103: 0 | F103: 3.37 | G103: 24228000 | H103: 1951000 | I103: 36360000 | J103: 19294000 | K103: =H103/J103 -> 0.10111952 | L103: =J103/I103 -> 0.53063806 | M103: 0
A104: Billerud Aktiebolag (publ) | B104: 21 | C104: 0.1 | D104: 3.4 | E104: 0 | F104: 7.6 | G104: 26802000 | H104: 1952000 | I104: 37978000 | J104: 20041000 | K104: =H104/J104 -> 0.097400329 | L104: =J104/I104 -> 0.52770025 | M104: 0
A105: Billerud Aktiebolag (publ) | B105: 22 | C105: 0.1 | D105: 14 | E105: 0 | F105: 14.23 | G105: 43754000 | H105: 2225000 | I105: 51415000 | J105: 29254000 | K105: =H105/J105 -> 0.076057975 | L105: =J105/I105 -> 0.56897792 | M105: 0
A106: Billerud Aktiebolag (publ) | B106: 23 | C106: 0.0994 | D106: 14.1 | E106: 0 | F106: 1.52 | G106: 40634000 | H106: 2215000 | I106: 47926000 | J106: 26945000 | K106: =H106/J106 -> 0.082204491 | L106: =J106/I106 -> 0.56222092 | M106: 0
A107: BioGaia AB | B107: 19 | C107: 0.05 | D107: 3 | E107: 0 | F107: 32,02,00 | G107: 768347 | H107: 5300 | I107: 665900 | J107: 507872 | K107: =H107/J107 -> 0.0104357 | L107: =J107/I107 -> 0.76268509 | M107: 0
A108: BioGaia AB | B108: 20 | C108: 0.0865 | D108: 0.5 | E108: 0 | F108: 30,56,00 | G108: 748161 | H108: 5300 | I108: 1913282 | J108: 699349 | K108: =H108/J108 -> 0.0075784766 | L108: =J108/I108 -> 0.36552322 | M108: 0
A109: BioGaia AB | B109: 21 | C109: 0.0772 | D109: 3.4 | E109: 0 | F109: 32,33,00 | G109: 796714 | H109: 149227 | I109: 2128054 | J109: 1877365 | K109: =H109/J109 -> 0.079487473 | L109: =J109/I109 -> 0.88219801 | M109: 0
...

Sheet Blad10
A1: year | B1: WACC | C1: GW / EK | D1: year
A2: 19 | B2: 0.114 | C2: =Output!H2/Output!J2 -> 0.20450808 | D2: 19 | E2: =B3-B2 -> -0.034
A3: 20 | B3: 0.08 | C3: =Output!H3/Output!J3 -> 0.21682648 | D3: 20
A4: 21 | B4: 0.08 | C4: =Output!H4/Output!J4 -> 0.19265043 | D4: 21
A5: 22 | B5: 0.09 | C5: =Output!H5/Output!J5 -> 0.16879489 | D5: 22
A6: 23 | B6: 0.1 | C6: =Output!H6/Output!J6 -> 0.15843898 | D6: 23
A7: 19 | B7: 0.095 | C7: =Output!H7/Output!J7 -> 1.2563254 | D7: 19
A8: 20 | B8: 0.09 | C8: =Output!H8/Output!J8 -> 1.135103 | D8: 20
A9: 21 | B9: 0.09 | C9: =Output!H9/Output!J9 -> 1.1657569 | D9: 21
A10: 22 | B10: 0.11 | C10: =Output!H10/Output!J10 -> 1.1852004 | D10: 22
A11: 23 | B11: 0.125 | C11: =Output!H11/Output!J11 -> 1.186702 | D11: 23 | G11: year | H11: d_WACC | I11: d_SR | J11: d_VM | K11: d_INF | L11: d_EK_TT | N11: d_EK_GW
A12: 19 | B12: 0.0833 | C12: =Output!H12/Output!J12 -> 0.17594254 | D12: 19 | G12: 19
A13: 20 | B13: 0.0883 | C13: =Output!H13/Output!J13 -> 0.15140924 | D13: 20 | G13: 20 | H13: -0.0008031 | I13: 0.0022524 | J13: -0.0049949 | K13: -0.013 | L13: 0.0099677 | N13: 712,29,00
A14: 21 | B14: 0.0886 | C14: =Output!H14/Output!J14 -> 0.13990826 | D14: 21 | G14: 21 | H14: -0.0004454 | I14: 0.0002976 | J14: 0.02335 | K14: 0.017 | L14: 0.017809 | N14: −8756,34,00
A15: 22 | B15: 0.1 | C15: =Output!H15/Output!J15 -> 0.12484197 | D15: 22 | G15: 22 | H15: 0.0092465 | I15: 0.0076779 | J15: -0.0260194 | K15: 0.062 | L15: -0.0052223 | N15: -0.0230998
A16: 23 | B16: 0.1 | C16: =Output!H16/Output!J16 -> 0.10499599 | D16: 23 | G16: 23 | H16: 0.0053222 | I16: 0.0269635 | J16: -0.0162155 | K16: 0.001 | L16: 0.0063905 | N16: -0.0277571
A17: 19 | B17: 0.08 | C17: =Output!H17/Output!J17 -> 0.974959 | D17: 19
A18: 20 | B18: 0.08 | C18: =Output!H18/Output!J18 -> 0.99106506 | D18: 20
A19: 21 | B19: 0.08 | C19: =Output!H19/Output!J19 -> 0.89824955 | D19: 21
A20: 22 | B20: 0.08 | C20: =Output!H20/Output!J20 -> 0.88210059 | D20: 22
A21: 23 | B21: 0.085 | C21: =Output!H21/Output!J21 -> 1.0135765 | D21: 23
A22: 19 | B22: 0.11 | C22: =Output!H22/Output!J22 -> 0.66169649 | D22: 19
A23: 20 | B23: 0.11 | C23: =Output!H23/Output!J23 -> 0.8471575 | D23: 20
A24: 21 | B24: 0.13 | C24: =Output!H24/Output!J24 -> 0.84100738 | D24: 21
A25: 22 | B25: 0.13 | C25: =Output!H25/Output!J25 -> 0.75906636 | D25: 22
A26: 23 | B26: 0.13 | C26: =Output!H26/Output!J26 -> 0.78942082 | D26: 23
A27: 19 | B27: 0.083 | C27: =Output!H27/Output!J27 -> 0.31334751 | D27: 19
A28: 20 | B28: 0.095 | C28: =Output!H28/Output!J28 -> 0.34055181 | D28: 20
... A92: 19 | B92: 0.1 | C92: =Output!H92/Output!J92 -> 0.96259963 | D92: 19
A93: 20 | C93: =Output!H93/Output!J93 -> 0.94591417 | D93: 20
A94: 21 | C94: =Output!H94/Output!J94 -> 0.87049608 | D94: 21
A95: 22 | B95: 0.1 | C95: =Output!H95/Output!J95 -> 0.83218707 | D95: 22
A96: 23 | B96: 0.1 | C96: =Output!H96/Output!J96 -> 0.9573055 | D96: 23
A97: 19 | B97: 0.0522 | C97: =Output!H97/Output!J97 -> 0.2658506 | D97: 19
A98: 20 | B98: 0.0535 | C98: =Output!H98/Output!J98 -> 0.2046371 | D98: 20
A99: 21 | B99: 0.0627 | C99: =Output!H99/Output!J99 -> 0.26601766 | D99: 21
A100: 22 | B100: 0.0898 | C100: =Output!H100/Output!J100 -> 0.31102926 | D100: 22
A101: 23 | B101: 0.1121 | C101: =Output!H101/Output!J101 -> 0.30902706 | D101: 23
A102: 19 | B102: 0.11 | C102: =Output!H102/Output!J102 -> 0.10332957 | D102: 19
A103: 20 | B103: 0.11 | C103: =Output!H103/Output!J103 -> 0.10111952 | D103: 20
A104: 21 | B104: 0.1 | C104: =Output!H104/Output!J104 -> 0.097400329 | D104: 21
A105: 22 | B105: 0.1 | C105: =Output!H105/Output!J105 -> 0.076057975 | D105: 22
A106: 23 | B106: 0.0994 | C106: =Output!H106/Output!J106 -> 0.082204491 | D106: 23
... A202: 19 | B202: 0.08 | C202: =Output!H202/Output!J202 -> 0.63890993 | D202: 19
A203: 20 | C203: =Output!H203/Output!J203 -> 0.59471593 | D203: 20
A204: 21 | B204: 0.076 | C204: =Output!H204/Output!J204 -> 0.63137589 | D204: 21
A205: 22 | B205: 0.106 | C205: =Output!H205/Output!J205 -> 0.66501351 | D205: 22
A206: 23 | B206: 0.1187 | C206: =Output!H206/Output!J206 -> 0.55524659 | D206: 23
A207: 19 | B207: 0.096 | C207: =Output!H207/Output!J207 -> 0.39317672 | D207: 19
A208: 20 | B208: 0.096 | C208: =Output!H208/Output!J208 -> 0.37233649 | D208: 20
A209: 21 | B209: 0.092 | C209: =Output!H209/Output!J209 -> 0.33472964 | D209: 21
A210: 22 | B210: 0.113 | C210: =Output!H210/Output!J210 -> 0.2886928 | D210: 22
A211: 23 | B211: 0.114 | C211: =Output!H211/Output!J211 -> 0.28258195 | D211: 23
A212: 19 | B212: 0.1 | C212: =Output!H212/Output!J212 -> 0.54985077 | D212: 19
A213: 20 | B213: 0.1 | C213: =Output!H213/Output!J213 -> 0.49323433 | D213: 20
A214: 21 | B214: 0.1 | C214: =Output!H214/Output!J214 -> 0.46696361 | D214: 21
A215: 22 | B215: 0.1 | C215: =Output!H215/Output!J215 -> 0.44001279 | D215: 22
... A331: 19 | B331: 0.152 | C331: =Output!H331/Output!J331 -> 0.35183317 | D331: 19
A332: 20 | C332: =Output!H332/Output!J332 -> 0.28626635 | D332: 20
A333: 21 | B333: 0.1368 | C333: =Output!H333/Output!J333 -> 0.43983822 | D333: 21
A334: 22 | B334: 0.1398 | C334: =Output!H334/Output!J334 -> 0.40017156 | D334: 22
A335: 23 | B335: 0.138 | C335: =Output!H335/Output!J335 -> 0.34362493 | D335: 23
A336: 19 | B336: 0.089 | C336: =Output!H336/Output!J336 -> 0.62187911 | D336: 19
A337: 20 | B337: 0.083 | C337: =Output!H337/Output!J337 -> 0.45317221 | D337: 20
A338: 21 | B338: 0.088 | C338: =Output!H338/Output!J338 -> 0.31690623 | D338: 21
A339: 22 | B339: 0.0805 | C339: =Output!H339/Output!J339 -> 0.27049979 | D339: 22
A340: 23 | B340: 0.0853 | C340: =Output!H340/Output!J340 -> 0.26119607 | D340: 23
A341: 19 | B341: 0.054 | C341: =Output!H341/Output!J341 -> 0.80364384 | D341: 19
A342: 20 | B342: 0.058 | C342: =Output!H342/Output!J342 -> 0.80793723 | D342: 20
A343: 21 | B343: 0.0597 | C343: =Output!H343/Output!J343 -> 0.72082284 | D343: 21
A344: 22 | B344: 0.0837 | C344: =Output!H344/Output!J344 -> 0.63110793 | D344: 22
... A349: 22 | B349: 0.102 | C349: =Output!H349/Output!J349 -> 0.18988352 | D349: 22
A350: 23 | C350: =Output!H350/Output!J350 -> 0.16955398 | D350: 23
A351: 19 | B351: 0.096 | C351: =Output!H351/Output!J351 -> 0.7112462 | D351: 19
A352: 20 | B352: 0.091 | C352: =Output!H352/Output!J352 -> 0.70153694 | D352: 20
A353: 21 | B353: 0.081 | C353: =Output!H353/Output!J353 -> 0.61222832 | D353: 21
A354: 22 | B354: 0.101 | C354: =Output!H354/Output!J354 -> 0.6854719 | D354: 22
A355: 23 | B355: 0.102 | C355: =Output!H355/Output!J355 -> 0.75023105 | D355: 23
A356: 19 | B356: 0.085 | C356: =Output!H356/Output!J356 -> 0.2633176 | D356: 19
A357: 20 | B357: 0.0953 | C357: =Output!H357/Output!J357 -> 0.21113815 | D357: 20
A358: 21 | B358: 0.101 | C358: =Output!H358/Output!J358 -> 0.40352349 | D358: 21
A359: 22 | B359: 0.121 | C359: =Output!H359/Output!J359 -> 0.40114985 | D359: 22
A360: 23 | B360: 0.127 | C360: =Output!H360/Output!J360 -> 0.41384645 | D360: 23
A361: 19 | B361: 0.094 | C361: =Output!H361/Output!J361 -> 0.14036089 | D361: 19
A362: 20 | B362: 0.0864 | C362: =Output!H362/Output!J362 -> 0.096946883 | D362: 20
... A450: 23 | B450: 0.08 | C450: =Output!H450/Output!J450 -> 1.3125247 | D450: 23
A451: 19 | C451: =Output!H451/Output!J451 -> 0.37791155 | D451: 19
A452: 20 | B452: 0.0867 | C452: =Output!H452/Output!J452 -> 0.40317742 | D452: 20
A453: 21 | B453: 0.0914 | C453: =Output!H453/Output!J453 -> 0.35113971 | D453: 21
A454: 22 | B454: 0.105 | C454: =Output!H454/Output!J454 -> 0.62737389 | D454: 22
A455: 23 | B455: 0.1143 | C455: =Output!H455/Output!J455 -> 0.53656015 | D455: 23
A456: 19 | B456: 0.0473 | C456: =Output!H456/Output!J456 -> 0.83140391 | D456: 19
A457: 20 | B457: 0.0518 | C457: =Output!H457/Output!J457 -> 1.0075912 | D457: 20
A458: 21 | B458: 0.051 | C458: =Output!H458/Output!J458 -> 0.82126047 | D458: 21
A459: 22 | B459: 0.0665 | C459: =Output!H459/Output!J459 -> 0.78741886 | D459: 22
A460: 23 | B460: 0.0606 | C460: =Output!H460/Output!J460 -> 0.81878203 | D460: 23
A461: 19 | B461: 0.096 | C461: =Output!H461/Output!J461 -> 1.0669746 | D461: 19
A462: 20 | B462: 0.098 | C462: =Output!H462/Output!J462 -> 0.81020369 | D462: 20
A463: 21 | B463: 0.083 | C463: =Output!H463/Output!J463 -> 0.77695615 | D463: 21
... A500: 23 | B500: 0.067 | C500: =Output!H500/Output!J500 -> 0.68815389 | D500: 23
